day,close
2006.03.07,204.55
2006.03.08,204.88
2006.03.09,205.13
2006.03.10,205.4
2006.03.13,205.69
2006.03.14,205.31
2006.03.15,205.13
2006.03.16,205.26
2006.03.17,203.44
2006.03.20,204.36
2006.03.21,204.91
2006.03.22,204.43
2006.03.23,204.43
2006.03.24,204.76
2006.03.27,203.9
2006.03.28,205.53
2006.03.29,204.21
2006.03.30,204.9
2006.03.31,204.36
2006.04.03,204.63
2006.04.04,206.25
2006.04.05,205.87
2006.04.06,206.39
2006.04.07,206.21
2006.04.10,206.21
2006.04.11,206.83
2006.04.12,207.24
2006.04.13,207.7
2006.04.14,207.71
2006.04.17,208.37
2006.04.18,208.75
2006.04.19,210.19
2006.04.20,209.03
2006.04.21,207.87
2006.04.24,204.95
2006.04.25,205.27
2006.04.26,204.67
2006.04.27,205.49
2006.04.28,207.45
2006.05.01,207.03
2006.05.02,208.48
2006.05.03,209.18
2006.05.04,210.42
2006.05.05,208.99
2006.05.08,207.47
2006.05.09,207.34
2006.05.10,205.9
2006.05.11,208.39
2006.05.12,208.46
2006.05.15,207.61
2006.05.16,207.17
2006.05.17,208.88
2006.05.18,209.77
2006.05.19,209.79
2006.05.22,210.49
2006.05.23,210.49
2006.05.24,211.04
2006.05.25,209.35
2006.05.26,209.18
2006.05.29,209.12
2006.05.30,211.26
2006.05.31,210.57
2006.06.01,210.23
2006.06.02,210.17
2006.06.05,210.1
2006.06.06,210.76
2006.06.07,210.58
2006.06.08,210.41
2006.06.09,209.78
2006.06.12,210.69
2006.06.13,211.51
2006.06.14,211.96
2006.06.15,212.2
2006.06.16,212.91
2006.06.19,212.74
2006.06.20,211.72
2006.06.21,211.97
2006.06.22,212.23
2006.06.23,211.94
2006.06.26,211.97
2006.06.27,211.77
2006.06.28,211.75
2006.06.29,210.52
2006.06.30,211.56
2006.07.03,211.24
2006.07.04,211.92
2006.07.05,212.25
2006.07.06,211.47
2006.07.07,210.92
2006.07.10,210.36
2006.07.11,210.9
2006.07.12,211.87
2006.07.13,212.73
2006.07.14,213.56
2006.07.17,213.15
2006.07.18,214.2
2006.07.19,215.24
2006.07.20,216.32
2006.07.21,215.94
2006.07.24,215.96
2006.07.25,215.63
2006.07.26,215.6
2006.07.27,215
2006.07.28,213.8
2006.07.31,214.12
2006.08.01,214.92
2006.08.02,215.14
2006.08.03,217.04
2006.08.04,218.3
2006.08.07,219.51
2006.08.08,219.91
2006.08.09,219.67
2006.08.10,218.19
2006.08.11,219.82
2006.08.14,220.29
2006.08.15,219.9
2006.08.16,219.54
2006.08.17,218.59
2006.08.18,217.81
2006.08.21,219.4
2006.08.22,219.97
2006.08.23,220.39
2006.08.24,219.83
2006.08.25,221.33
2006.08.28,221.82
2006.08.29,221.44
2006.08.30,223.07
2006.08.31,223.56
2006.09.01,223.2
2006.09.04,221.34
2006.09.05,219.86
2006.09.06,219.8
2006.09.07,218.37
2006.09.08,218
2006.09.11,219.51
2006.09.12,221.07
2006.09.13,220.73
2006.09.14,221.83
2006.09.15,221.04
2006.09.18,221.77
2006.09.19,221.63
2006.09.20,221.81
2006.09.21,221.33
2006.09.22,221.48
2006.09.25,221.5
2006.09.26,221.81
2006.09.27,221.94
2006.09.28,221.11
2006.09.29,221.13
2006.10.02,221.94
2006.10.03,222.61
2006.10.04,222.39
2006.10.05,221.16
2006.10.06,222.6
2006.10.09,222.37
2006.10.10,221.97
2006.10.11,221.97
2006.10.12,221.81
2006.10.13,222.1
2006.10.16,221.57
2006.10.17,222.16
2006.10.18,222.08
2006.10.19,221.85
2006.10.20,223.5
2006.10.23,223.57
2006.10.24,223.5
2006.10.25,223.58
2006.10.26,223.79
2006.10.27,223
2006.10.30,223.32
2006.10.31,223.08
2006.11.01,223.39
2006.11.02,223.55
2006.11.03,224.27
2006.11.06,224.48
2006.11.07,224.28
2006.11.08,224.49
2006.11.09,224.63
2006.11.10,224.67
2006.11.13,224.61
2006.11.14,222.89
2006.11.15,222.89
2006.11.16,223.21
2006.11.17,223.06
2006.11.20,223.97
2006.11.21,223.89
2006.11.22,223.46
2006.11.23,222.77
2006.11.24,223.65
2006.11.27,224.95
2006.11.28,226.64
2006.11.29,226.57
2006.11.30,227.63
2006.12.01,228.57
2006.12.04,228.36
2006.12.05,226.66
2006.12.06,226.61
2006.12.07,226.22
2006.12.08,227.21
2006.12.11,229.05
2006.12.12,230.21
2006.12.13,231.22
2006.12.14,230.94
2006.12.15,230.38
2006.12.18,230.08
2006.12.19,232.57
2006.12.20,232.71
2006.12.21,232.07
2006.12.22,232.7
2006.12.25,232.52
2006.12.26,232.74
2006.12.27,232.52
2006.12.28,233.44
2006.12.29,233
2007.01.02,234.54
2007.01.03,232.94
2007.01.04,231.23
2007.01.05,229.01
2007.01.08,230.14
2007.01.09,231.53
2007.01.10,231.12
2007.01.11,234.35
2007.01.12,235.69
2007.01.15,236.56
2007.01.16,236.64
2007.01.17,237.68
2007.01.18,239.27
2007.01.19,239.21
2007.01.22,240.39
2007.01.23,240.97
2007.01.24,238.66
2007.01.25,238.09
2007.01.26,238.18
2007.01.29,238.72
2007.01.30,238.7
2007.01.31,237.17
2007.02.01,237.57
2007.02.02,238.04
2007.02.05,235.86
2007.02.06,236.66
2007.02.07,237.81
2007.02.08,237.07
2007.02.09,237.28
2007.02.12,237.42
2007.02.13,235.85
2007.02.14,237.09
2007.02.15,232.67
2007.02.16,232.7
2007.02.19,233.29
2007.02.20,234.63
2007.02.21,236.29
2007.02.22,237.8
2007.02.23,237.61
2007.02.26,236.86
2007.02.27,231.38
2007.02.28,232.82
2007.03.01,230.31
2007.03.02,227.07
2007.03.05,221.78
2007.03.06,225.19
2007.03.07,224.31
2007.03.08,225.92
2007.03.09,228.4
2007.03.12,227.36
2007.03.13,224.27
2007.03.14,226.42
2007.03.15,227.57
2007.03.16,226.69
2007.03.18,225.67
2007.03.19,228.85
2007.03.20,230.01
2007.03.21,231.3
2007.03.22,231.92
2007.03.23,231.67
2007.03.25,231.56
2007.03.26,232.6
2007.03.27,231.55
2007.03.28,229.23
2007.03.29,231.61
2007.03.30,231.81
2007.04.01,231.39
2007.04.02,233.05
2007.04.03,234.82
2007.04.04,234.47
2007.04.05,233.9
2007.04.06,234.33
2007.04.08,234.38
2007.04.09,234.16
2007.04.10,234.85
2007.04.11,235.73
2007.04.12,235.81
2007.04.13,236.84
2007.04.15,237
2007.04.16,238.2
2007.04.17,238.6
2007.04.18,238.36
2007.04.19,237.32
2007.04.20,237.6
2007.04.22,238.06
2007.04.23,237.38
2007.04.24,237.36
2007.04.25,237.62
2007.04.26,238.06
2007.04.27,238.95
2007.04.29,238.17
2007.04.30,238.95
2007.05.01,239.53
2007.05.02,239.05
2007.05.03,239.25
2007.05.04,239.37
2007.05.06,239.42
2007.05.07,239.31
2007.05.08,238.75
2007.05.09,239.38
2007.05.10,237.38
2007.05.11,238.12
2007.05.13,238.39
2007.05.14,238.17
2007.05.15,238.81
2007.05.16,238.84
2007.05.17,239.52
2007.05.18,239.15
2007.05.20,239.17
2007.05.21,239.44
2007.05.22,240.01
2007.05.23,241.68
2007.05.24,240.9
2007.05.25,241.52
2007.05.27,241.45
2007.05.28,241.41
2007.05.29,241.01
2007.05.30,240.36
2007.05.31,240.97
2007.06.01,241.98
2007.06.03,241.92
2007.06.04,242.47
2007.06.05,241.98
2007.06.06,241.24
2007.06.07,239.27
2007.06.08,239.78
2007.06.10,239.78
2007.06.11,239.67
2007.06.12,240.24
2007.06.13,242.11
2007.06.14,242.05
2007.06.15,243.91
2007.06.17,243.95
2007.06.18,245.27
2007.06.19,245.3
2007.06.20,246.25
2007.06.21,246.51
2007.06.22,247.67
2007.06.24,247.36
2007.06.25,247.02
2007.06.26,246.35
2007.06.27,245.57
2007.06.28,246.69
2007.06.29,247.38
2007.07.01,247.3
2007.07.02,246.9
2007.07.03,246.85
2007.07.04,247.39
2007.07.05,247.29
2007.07.06,247.99
2007.07.08,248.2
2007.07.09,248.68
2007.07.10,246.86
2007.07.11,248.91
2007.07.12,248.53
2007.07.13,248
2007.07.15,247.95
2007.07.16,248.17
2007.07.17,250.37
2007.07.18,250.32
2007.07.19,249.96
2007.07.20,249.33
2007.07.22,250.03
2007.07.23,249.35
2007.07.24,248.01
2007.07.25,247.45
2007.07.26,243.15
2007.07.27,240.1
2007.07.29,239.67
2007.07.30,241.03
2007.07.31,240.9
2007.08.01,241.75
2007.08.02,242.84
2007.08.03,240.89
2007.08.05,239.73
2007.08.06,241.47
2007.08.07,240.17
2007.08.08,243.87
2007.08.09,239.07
2007.08.10,239.51
2007.08.12,239.02
2007.08.13,237.97
2007.08.14,234.76
2007.08.15,231.89
2007.08.16,225.79
2007.08.17,226.52
2007.08.19,226.19
2007.08.20,228.31
2007.08.21,226.74
2007.08.22,229.8
2007.08.23,233
2007.08.24,234.48
2007.08.26,234.42
2007.08.27,233.09
2007.08.28,228.73
2007.08.29,234.35
2007.08.30,233.05
2007.08.31,233.5
2007.09.02,233.43
2007.09.03,234.02
2007.09.04,234.16
2007.09.05,232.81
2007.09.06,233.48
2007.09.07,229.96
2007.09.09,229.27
2007.09.10,230.54
2007.09.11,232.3
2007.09.12,231.8
2007.09.13,233.05
2007.09.14,231.56
2007.09.16,231.07
2007.09.17,229.59
2007.09.18,233.66
2007.09.19,232.26
2007.09.20,230.31
2007.09.21,233.33
2007.09.23,233.22
2007.09.24,232.27
2007.09.25,231.66
2007.09.26,232.91
2007.09.27,234.42
2007.09.28,234.98
2007.09.30,234.77
2007.10.01,236.48
2007.10.02,236.3
2007.10.03,237.22
2007.10.04,237.39
2007.10.05,238.9
2007.10.07,238.87
2007.10.08,239.02
2007.10.09,238.65
2007.10.10,239.44
2007.10.11,238.24
2007.10.12,239.42
2007.10.14,239.2
2007.10.15,239.79
2007.10.16,237.63
2007.10.17,238.01
2007.10.18,236.36
2007.10.19,234.93
2007.10.21,234.44
2007.10.22,232.87
2007.10.23,235.4
2007.10.24,234.18
2007.10.25,234.17
2007.10.26,234.28
2007.10.28,234.27
2007.10.29,236.48
2007.10.30,237.07
2007.10.31,239.78
2007.11.01,237.96
2007.11.02,239.88
2007.11.04,239.74
2007.11.05,238.3
2007.11.06,239.49
2007.11.07,236.74
2007.11.08,237.29
2007.11.09,231.33
2007.11.11,229.98
2007.11.12,224.59
2007.11.13,229.65
2007.11.14,228.45
2007.11.15,225.55
2007.11.16,228.18
2007.11.18,227.74
2007.11.19,225.03
2007.11.20,227.22
2007.11.21,223.89
2007.11.22,223.57
2007.11.23,223.3
2007.11.25,223.32
2007.11.26,222.43
2007.11.27,225.39
2007.11.28,229.1
2007.11.29,226.57
2007.11.30,228.72
2007.12.02,228.1
2007.12.03,228.16
2007.12.04,226.2
2007.12.05,224.73
2007.12.06,225.73
2007.12.07,226.72
2007.12.09,226.24
2007.12.10,228.53
2007.12.11,225.08
2007.12.12,229.73
2007.12.13,229
2007.12.14,228.52
2007.12.16,228.63
2007.12.17,228.17
2007.12.18,228.41
2007.12.19,226.54
2007.12.20,224.39
2007.12.21,226.15
2007.12.23,226.31
2007.12.24,225.92
2007.12.25,225.67
2007.12.26,226.77
2007.12.27,226.97
2007.12.28,224.17
2007.12.30,224.51
2007.12.31,221.59
2008.01.01,221.76
2008.01.02,217.181
2008.01.03,215.447
2008.01.04,214.342
2008.01.06,214.15
2008.01.07,215.05
2008.01.08,214.855
2008.01.09,215.481
2008.01.10,214.429
2008.01.11,212.95
2008.01.13,212.664
2008.01.14,211.523
2008.01.15,209.546
2008.01.16,211.32
2008.01.17,210.009
2008.01.18,208.909
2008.01.20,208.866
2008.01.21,205.88
2008.01.22,208.668
2008.01.23,208.63
2008.01.24,211.797
2008.01.25,211.607
2008.01.27,211.787
2008.01.28,212.08
2008.01.29,213.063
2008.01.30,211.068
2008.01.31,211.505
2008.02.01,209.226
2008.02.03,209.334
2008.02.04,210.545
2008.02.05,209.817
2008.02.06,208.95
2008.02.07,208.748
2008.02.08,208.851
2008.02.10,208.828
2008.02.11,208.66
2008.02.12,210.277
2008.02.13,212.624
2008.02.14,212.355
2008.02.15,211.277
2008.02.17,211.042
2008.02.18,211.291
2008.02.19,209.947
2008.02.20,209.928
2008.02.21,210.774
2008.02.22,210.804
2008.02.24,211.325
2008.02.25,212.555
2008.02.26,213.141
2008.02.27,211
2008.02.28,209.525
2008.02.29,206.308
2008.03.02,206.027
2008.03.03,205.248
2008.03.04,205.286
2008.03.05,207.163
2008.03.06,206.23
2008.03.07,206.688
2008.03.09,206.724
2008.03.10,203.999
2008.03.11,207.578
2008.03.12,205.469
2008.03.13,203.849
2008.03.14,200.171
2008.03.16,198.698
2008.03.17,194.433
2008.03.18,200.861
2008.03.19,195.592
2008.03.20,197.043
2008.03.21,197.3
2008.03.23,196.864
2008.03.24,199.876
2008.03.25,200.428
2008.03.26,198.708
2008.03.27,199.874
2008.03.28,197.902
2008.03.30,197.781
2008.03.31,197.733
2008.04.01,201.224
2008.04.02,203.38
2008.04.03,204.147
2008.04.04,202.237
2008.04.06,202.535
2008.04.07,203.569
2008.04.08,202.165
2008.04.09,201.132
2008.04.10,200.87
2008.04.11,198.878
2008.04.13,199.327
2008.04.14,199.982
2008.04.15,199.808
2008.04.16,200.806
2008.04.17,204.043
2008.04.18,207.093
2008.04.20,207.352
2008.04.21,204.476
2008.04.22,205.524
2008.04.23,204.693
2008.04.24,205.796
2008.04.25,207.33
2008.04.27,207.262
2008.04.28,207.434
2008.04.29,204.846
2008.04.30,206.435
2008.05.01,206.43
2008.05.02,207.8
2008.05.04,208.1
2008.05.05,207.04
2008.05.06,206.8
2008.05.07,204.61
2008.05.08,203.02
2008.05.09,200.82
2008.05.11,200.32
2008.05.12,202.86
2008.05.13,203.68
2008.05.14,204.68
2008.05.15,203.94
2008.05.16,203.77
2008.05.18,203.77
2008.05.19,203.55
2008.05.20,203.9
2008.05.21,203.09
2008.05.22,205.99
2008.05.23,204.61
2008.05.25,204.38
2008.05.26,204.85
2008.05.27,205.82
2008.05.28,207.3
2008.05.29,208.42
2008.05.30,209.23
2008.06.01,208.09
2008.06.02,205.03
2008.06.03,205.89
2008.06.04,205.66
2008.06.05,207.37
2008.06.06,206.86
2008.06.08,206.57
2008.06.09,209.79
2008.06.10,209.6
2008.06.11,209.77
2008.06.12,210.03
2008.06.13,210.58
2008.06.15,210.97
2008.06.16,212.42
2008.06.17,211.21
2008.06.18,211.22
2008.06.19,213.02
2008.06.20,211.99
2008.06.22,211.97
2008.06.23,211.87
2008.06.24,212.47
2008.06.25,212.86
2008.06.26,212.33
2008.06.27,211.7
2008.06.29,211.93
2008.06.30,211.3
2008.07.01,211.7
2008.07.02,211.06
2008.07.03,211.59
2008.07.04,211.59
2008.07.06,211.58
2008.07.07,211.57
2008.07.08,211.69
2008.07.09,211.74
2008.07.10,211.54
2008.07.11,211.39
2008.07.13,211.57
2008.07.14,211.88
2008.07.15,210.06
2008.07.16,210.1
2008.07.17,212.15
2008.07.18,213.57
2008.07.20,213.22
2008.07.21,213.22
2008.07.22,213.54
2008.07.23,215.48
2008.07.24,213.06
2008.07.25,214.75
2008.07.27,214.39
2008.07.28,214.3
2008.07.29,213.95
2008.07.30,214.2
2008.07.31,213.59
2008.08.01,212.66
2008.08.03,212.39
2008.08.04,212.19
2008.08.05,211.81
2008.08.06,213.23
2008.08.07,212.47
2008.08.08,211.58
2008.08.10,209.91
2008.08.11,210.52
2008.08.12,207.12
2008.08.13,203.8
2008.08.14,204.88
2008.08.15,206.09
2008.08.17,205.75
2008.08.18,205.32
2008.08.19,204.8
2008.08.20,204.35
2008.08.21,203.47
2008.08.22,203.68
2008.08.24,203.38
2008.08.25,202.11
2008.08.26,201.48
2008.08.27,200.93
2008.08.28,200.1
2008.08.29,198.14
2008.08.31,196.48
2008.09.01,193.63
2008.09.02,193.06
2008.09.03,192.26
2008.09.04,187.46
2008.09.05,189.84
2008.09.07,193.54
2008.09.08,190.08
2008.09.09,188.08
2008.09.10,187.94
2008.09.11,188.09
2008.09.12,193.53
2008.09.14,191.23
2008.09.15,187.05
2008.09.16,189.53
2008.09.17,189.24
2008.09.18,192.14
2008.09.19,196.76
2008.09.21,195.65
2008.09.22,195.8
2008.09.23,196.08
2008.09.24,196.49
2008.09.25,195.33
2008.09.26,195.74
2008.09.28,194.63
2008.09.29,187.65
2008.09.30,189.01
2008.10.01,187.45
2008.10.02,185.12
2008.10.03,186.66
2008.10.06,176.96
2008.10.07,177.85
2008.10.08,171.19
2008.10.09,170.29
2008.10.10,171.04
2008.10.13,177.56
2008.10.14,177.81
2008.10.15,171.21
2008.10.16,176.04
2008.10.17,175.67
2008.10.20,175.11
2008.10.21,167.49
2008.10.22,158.95
2008.10.23,159.7
2008.10.24,150.04
2008.10.27,144.32
2008.10.28,159.06
2008.10.29,159.62
2008.10.30,161.3
2008.10.31,158.26
2008.11.03,156.8
2008.11.04,159.08
2008.11.05,155.75
2008.11.06,152.71
2008.11.07,154.07
2008.11.10,152.95
2008.11.11,150.19
2008.11.12,142.17
2008.11.13,144.95
2008.11.14,143.65
2008.11.17,144.51
2008.11.18,145.11
2008.11.19,143.09
2008.11.20,137.97
2008.11.21,142.65
2008.11.24,147.76
2008.11.25,147.34
2008.11.26,146.57
2008.11.27,146.69
2008.11.28,147.19
2008.12.01,138.7
2008.12.02,138.98
2008.12.03,137.88
2008.12.04,135.37
2008.12.05,137.04
2008.12.08,138.38
2008.12.09,135.84
2008.12.10,137.11
2008.12.11,137.41
2008.12.12,136.06
2008.12.14,136.57
2008.12.15,138.72
2008.12.16,138.71
2008.12.17,135.5
2008.12.18,134.27
2008.12.19,133.35
2008.12.21,133.19
2008.12.22,133.81
2008.12.23,133.97
2008.12.24,133.38
2008.12.26,132.55
2008.12.28,132.97
2008.12.29,130.44
2008.12.30,130.11
2008.12.31,132.38
2009.01.02,133.52
2009.01.04,133.65
2009.01.05,137.2
2009.01.06,139.67
2009.01.07,139.91
2009.01.08,138.73
2009.01.09,137.03
2009.01.11,136.45
2009.01.12,132.2
2009.01.13,129.59
2009.01.14,130.08
2009.01.15,131.49
2009.01.16,133.74
2009.01.18,134.91
2009.01.19,130.68
2009.01.20,124.96
2009.01.21,124.86
2009.01.22,123.35
2009.01.23,122.42
2009.01.25,121.84
2009.01.26,124.63
2009.01.27,125.68
2009.01.28,128.63
2009.01.29,128.71
2009.01.30,130.73
2009.02.01,130.24
2009.02.02,127.56
2009.02.03,129.27
2009.02.04,129.36
2009.02.05,133.26
2009.02.06,135.83
2009.02.08,135.71
2009.02.09,136.24
2009.02.10,131.54
2009.02.11,130.1
2009.02.12,129.7
2009.02.13,131.84
2009.02.15,130.33
2009.02.16,131.14
2009.02.17,131.54
2009.02.18,133.25
2009.02.19,134.61
2009.02.20,134.68
2009.02.22,134.5
2009.02.23,137.02
2009.02.24,139.9
2009.02.25,138.31
2009.02.26,140.99
2009.02.27,139.65
2009.03.01,139.67
2009.03.02,136.95
2009.03.03,137.89
2009.03.04,140.7
2009.03.05,138.44
2009.03.06,138.44
2009.03.08,139.01
2009.03.09,136.07
2009.03.10,135.7
2009.03.11,134.96
2009.03.12,135.82
2009.03.13,137.13
2009.03.15,136.89
2009.03.16,138.14
2009.03.17,138.5
2009.03.18,137.29
2009.03.19,137.14
2009.03.20,138.75
2009.03.22,138.43
2009.03.23,141.38
2009.03.24,143.79
2009.03.25,142.08
2009.03.26,142.89
2009.03.27,140.1
2009.03.29,139.95
2009.03.30,138.62
2009.03.31,141.99
2009.04.01,142.44
2009.04.02,146.32
2009.04.03,148.58
2009.04.04,148.62
2009.04.05,148.55
2009.04.06,149.12
2009.04.07,147.9
2009.04.08,146.77
2009.04.09,147.36
2009.04.10,146.98
2009.04.13,148.66
2009.04.14,147.4
2009.04.15,149.01
2009.04.16,148.17
2009.04.17,146.69
2009.04.20,142.31
2009.04.21,144.83
2009.04.22,142.02
2009.04.23,144.2
2009.04.24,142.57
2009.04.27,141.67
2009.04.28,141.1
2009.04.29,144.21
2009.04.30,145.84
2009.05.01,147.86
2009.05.04,148.34
2009.05.05,149.04
2009.05.06,148.77
2009.05.07,148.81
2009.05.08,149.97
2009.05.11,147.34
2009.05.12,147.24
2009.05.13,144.41
2009.05.14,145.93
2009.05.15,144.48
2009.05.18,147.78
2009.05.19,148.49
2009.05.20,149.45
2009.05.21,149.55
2009.05.22,150.93
2009.05.25,150.83
2009.05.26,151.3
2009.05.27,152.09
2009.05.28,154.4
2009.05.29,154.27
2009.06.01,158.87
2009.06.02,158.73
2009.06.03,156.61
2009.06.04,156.17
2009.06.05,157.64
2009.06.08,158.05
2009.06.09,158.76
2009.06.10,160.47
2009.06.11,161.95
2009.06.12,161.8
2009.06.15,159.61
2009.06.16,158.14
2009.06.17,156.99
2009.06.18,157.65
2009.06.19,158.76
2009.06.22,156.68
2009.06.23,156.65
2009.06.24,156.89
2009.06.25,157.03
2009.06.26,157.31
2009.06.29,159.11
2009.06.30,158.54
2009.07.01,159.25
2009.07.02,157.24
2009.07.03,156.81
2009.07.06,155.26
2009.07.07,153.12
2009.07.08,149.26
2009.07.09,151.87
2009.07.10,150
2009.07.13,150.82
2009.07.14,152.47
2009.07.15,154.72
2009.07.16,154.36
2009.07.17,153.9
2009.07.20,155.83
2009.07.21,154.21
2009.07.22,154.41
2009.07.23,156.41
2009.07.24,155.75
2009.07.27,156.9
2009.07.28,155.29
2009.07.29,155.55
2009.07.30,157.58
2009.07.31,158.2
2009.08.03,161.24
2009.08.04,161.28
2009.08.05,161.29
2009.08.06,160.17
2009.08.07,162.7
2009.08.10,160.08
2009.08.11,158.16
2009.08.12,158.27
2009.08.13,158.29
2009.08.14,157.01
2009.08.17,154.46
2009.08.18,156.78
2009.08.19,155.46
2009.08.20,155.45
2009.08.21,155.78
2009.08.24,155.21
2009.08.25,153.96
2009.08.26,153.12
2009.08.27,152.26
2009.08.28,152.25
2009.08.31,151.63
2009.09.01,150.13
2009.09.02,150.03
2009.09.03,151.14
2009.09.04,152.43
2009.09.07,152.13
2009.09.08,152.19
2009.09.09,152.26
2009.09.10,152.71
2009.09.11,151.05
2009.09.14,150.77
2009.09.15,150.08
2009.09.16,149.94
2009.09.17,149.82
2009.09.18,148.54
2009.09.21,149.02
2009.09.22,148.98
2009.09.23,149.13
2009.09.24,146.57
2009.09.25,142.96
2009.09.28,142.41
2009.09.29,143.82
2009.09.30,143.59
2009.10.01,142.78
2009.10.02,143.17
2009.10.04,142.44
2009.10.05,142.66
2009.10.06,141.21
2009.10.07,141.34
2009.10.08,141.97
2009.10.09,142.23
2009.10.11,142.22
2009.10.12,141.85
2009.10.13,142.72
2009.10.14,142.92
2009.10.15,147.24
2009.10.16,148.65
2009.10.18,148.38
2009.10.19,148.86
2009.10.20,148.47
2009.10.21,150.95
2009.10.22,151.68
2009.10.23,150.08
2009.10.25,150.1
2009.10.26,150.44
2009.10.27,150.23
2009.10.28,148.5
2009.10.29,151.46
2009.10.30,148.21
2009.11.02,147.99
2009.11.03,148.45
2009.11.04,150.14
2009.11.05,150.39
2009.11.06,149.27
2009.11.09,150.67
2009.11.10,150.34
2009.11.11,148.95
2009.11.12,149.77
2009.11.13,149.48
2009.11.16,149.74
2009.11.17,150.02
2009.11.18,149.55
2009.11.19,148.26
2009.11.20,146.65
2009.11.23,147.69
2009.11.24,146.76
2009.11.25,145.88
2009.11.26,143.09
2009.11.27,142.72
2009.11.30,142.03
2009.12.01,143.94
2009.12.02,145.28
2009.12.03,145.95
2009.12.04,149.16
2009.12.07,147.17
2009.12.08,143.99
2009.12.09,142.84
2009.12.10,143.55
2009.12.11,144.88
2009.12.14,144.52
2009.12.15,145.74
2009.12.16,146.62
2009.12.17,145.29
2009.12.18,146.18
2009.12.21,146.2
2009.12.22,146.54
2009.12.23,146.19
2009.12.24,146.057
2009.12.28,146.58
2009.12.29,146.179
2009.12.30,148.552
2009.12.31,150.344
2010.01.03,149.769
2010.01.04,148.726
2010.01.05,146.613
2010.01.06,147.845
2010.01.07,148.72
2010.01.08,148.435
2010.01.10,148.748
2010.01.11,148.361
2010.01.12,147.014
2010.01.13,148.728
2010.01.14,148.946
2010.01.15,147.612
2010.01.17,147.578
2010.01.18,148.331
2010.01.19,149.086
2010.01.20,148.598
2010.01.21,146.419
2010.01.22,144.703
2010.01.25,146.611
2010.01.26,144.683
2010.01.27,145.504
2010.01.28,145.062
2010.01.29,144.273
2010.01.31,143.288
2010.02.01,144.552
2010.02.02,144.336
2010.02.03,144.56
2010.02.04,140.269
2010.02.05,139.553
2010.02.07,139.514
2010.02.08,139.062
2010.02.09,140.949
2010.02.10,140.234
2010.02.11,140.938
2010.02.12,141.211
2010.02.14,141.305
2010.02.15,140.912
2010.02.16,142.31
2010.02.17,142.98
2010.02.18,142.543
2010.02.19,141.543
2010.02.21,141.527
2010.02.22,141.068
2010.02.23,139.091
2010.02.24,138.864
2010.02.25,135.926
2010.02.26,135.478
2010.02.28,134.641
2010.03.01,133.57
2010.03.02,132.984
2010.03.03,133.532
2010.03.04,133.773
2010.03.05,136.622
2010.03.07,136.876
2010.03.08,136.026
2010.03.09,134.875
2010.03.10,135.528
2010.03.11,136.279
2010.03.12,137.691
2010.03.14,137.46
2010.03.15,136.168
2010.03.16,137.618
2010.03.17,138.305
2010.03.18,137.724
2010.03.19,135.926
2010.03.21,135.762
2010.03.22,136.044
2010.03.23,135.959
2010.03.24,137.109
2010.03.25,137.291
2010.03.26,137.82
2010.03.28,137.921
2010.03.29,138.536
2010.03.30,139.742
2010.03.31,141.876
2010.04.01,143.421
2010.04.02,143.85
2010.04.04,144.739
2010.04.05,144.303
2010.04.06,143.146
2010.04.07,142.238
2010.04.08,142.638
2010.04.09,143.196
2010.04.11,143.434
2010.04.12,143.255
2010.04.13,143.31
2010.04.14,144.153
2010.04.15,144.13
2010.04.16,141.572
2010.04.19,141.691
2010.04.20,143.135
2010.04.21,143.567
2010.04.22,143.741
2010.04.23,144.46
2010.04.26,145.198
2010.04.27,142.328
2010.04.28,142.964
2010.04.29,144.009
2010.04.30,143.287
2010.05.03,144.096
2010.05.04,143.122
2010.05.05,141.635
2010.05.06,134.331
2010.05.07,135.575
2010.05.10,138.467
2010.05.11,138.513
2010.05.12,138.186
2010.05.13,135.504
2010.05.14,134.391
2010.05.17,133.984
2010.05.18,132.175
2010.05.19,132.419
2010.05.20,128.764
2010.05.21,130.097
2010.05.24,130.207
2010.05.25,129.963
2010.05.26,129.358
2010.05.27,132.711
2010.05.28,131.606
2010.05.31,132.645
2010.06.01,133.183
2010.06.02,134.954
2010.06.03,135.397
2010.06.04,132.8
2010.06.07,132.161
2010.06.08,132.294
2010.06.09,132.592
2010.06.10,134.344
2010.06.11,133.316
2010.06.14,134.975
2010.06.15,135.351
2010.06.16,134.667
2010.06.17,134.879
2010.06.18,134.419
2010.06.21,134.391
2010.06.22,134.137
2010.06.23,134.277
2010.06.24,133.807
2010.06.25,134.361
2010.06.28,134.941
2010.06.29,133.425
2010.06.30,132.133
2010.07.01,132.9
2010.07.02,133.368
2010.07.05,132.804
2010.07.06,132.554
2010.07.07,133.165
2010.07.08,133.963
2010.07.09,133.435
2010.07.12,133.167
2010.07.13,134.633
2010.07.14,134.937
2010.07.15,135.025
2010.07.16,132.639
2010.07.19,131.975
2010.07.20,133.51
2010.07.21,131.956
2010.07.22,132.625
2010.07.23,134.813
2010.07.26,134.542
2010.07.27,137.021
2010.07.28,136.383
2010.07.29,135.462
2010.07.30,135.658
2010.08.02,137.379
2010.08.03,136.806
2010.08.04,136.987
2010.08.05,136.378
2010.08.06,136.286
2010.08.09,136.521
2010.08.10,135.396
2010.08.11,133.559
2010.08.12,133.787
2010.08.13,134.354
2010.08.16,133.637
2010.08.17,133.264
2010.08.18,133.227
2010.08.19,133.196
2010.08.20,132.926
2010.08.23,132.063
2010.08.24,129.139
2010.08.25,130.764
2010.08.26,131.094
2010.08.27,132.331
2010.08.30,130.79
2010.08.31,129.193
2010.09.01,130.456
2010.09.02,129.751
2010.09.03,130.235
2010.09.06,129.596
2010.09.07,128.718
2010.09.08,129.726
2010.09.09,129.232
2010.09.10,129.25
2010.09.13,129.115
2010.09.14,129.007
2010.09.15,133.916
2010.09.16,133.977
2010.09.17,134.169
2010.09.20,133.175
2010.09.21,132.896
2010.09.22,132.309
2010.09.23,132.305
2010.09.24,133.242
2010.09.27,133.364
2010.09.28,132.494
2010.09.29,132.09
2010.09.30,131.232
2010.10.01,131.625
2010.10.04,131.91
2010.10.05,132.215
2010.10.06,131.724
2010.10.07,130.795
2010.10.08,130.736
2010.10.11,130.294
2010.10.12,129.155
2010.10.13,130.003
2010.10.14,130.415
2010.10.15,130.145
2010.10.18,128.986
2010.10.19,128.068
2010.10.20,128.474
2010.10.21,127.683
2010.10.22,127.574
2010.10.25,127.021
2010.10.26,128.999
2010.10.27,128.907
2010.10.28,129.166
2010.10.29,128.929
2010.10.31,128.919
2010.11.01,129.105
2010.11.02,129.343
2010.11.03,130.624
2010.11.04,131.297
2010.11.05,131.458
2010.11.08,130.991
2010.11.09,130.548
2010.11.10,132.604
2010.11.11,132.963
2010.11.12,132.975
2010.11.15,133.32
2010.11.16,132.287
2010.11.17,132.281
2010.11.18,133.937
2010.11.19,133.474
2010.11.22,132.929
2010.11.23,131.151
2010.11.24,131.712
2010.11.25,131.705
2010.11.26,131.036
2010.11.29,131.18
2010.11.30,130.2
2010.12.01,131.494
2010.12.02,130.715
2010.12.03,130.18
2010.12.06,129.862
2010.12.07,131.528
2010.12.08,132.758
2010.12.09,132.035
2010.12.10,132.619
2010.12.13,132.206
2010.12.14,131.932
2010.12.15,130.928
2010.12.16,131.137
2010.12.17,130.422
2010.12.20,129.924
2010.12.21,129.517
2010.12.22,128.53
2010.12.23,127.875
2010.12.24,127.969
2010.12.27,127.674
2010.12.28,126.559
2010.12.29,126.452
2010.12.30,125.724
2010.12.31,126.615
2011.01.03,126.56
2011.01.04,127.822
2011.01.05,129.112
2011.01.06,128.909
2011.01.07,129.228
2011.01.10,128.76
2011.01.11,129.807
2011.01.12,130.771
2011.01.13,131.111
2011.01.14,131.475
2011.01.17,131.31
2011.01.18,131.769
2011.01.19,131.158
2011.01.20,131.915
2011.01.21,132.089
2011.01.24,131.898
2011.01.25,130.06
2011.01.26,130.903
2011.01.27,132.016
2011.01.28,130.209
2011.01.31,131.349
2011.02.01,131.284
2011.02.02,132
2011.02.03,131.669
2011.02.04,132.362
2011.02.07,132.588
2011.02.08,132.302
2011.02.09,132.573
2011.02.10,133.941
2011.02.11,133.513
2011.02.14,133.599
2011.02.15,135.056
2011.02.16,134.644
2011.02.17,134.705
2011.02.18,135.153
2011.02.21,134.862
2011.02.22,133.524
2011.02.23,133.723
2011.02.24,132.126
2011.02.25,131.61
2011.02.28,132.919
2011.03.01,133.121
2011.03.02,133.622
2011.03.03,134.163
2011.03.04,133.87
2011.03.07,133.201
2011.03.08,133.557
2011.03.09,134.015
2011.03.10,133.226
2011.03.11,131.597
2011.03.14,132.073
2011.03.15,129.837
2011.03.16,123.458
2011.03.17,127.651
2011.03.18,130.785
2011.03.21,132.231
2011.03.22,132.57
2011.03.23,131.443
2011.03.24,130.548
2011.03.25,130.47
2011.03.28,130.611
2011.03.29,132.011
2011.03.30,133.19
2011.03.31,133.197
2011.04.01,135.392
2011.04.04,135.558
2011.04.05,138.262
2011.04.06,139.586
2011.04.07,138.557
2011.04.08,138.822
2011.04.11,138.239
2011.04.12,135.831
2011.04.13,136.357
2011.04.14,136.504
2011.04.15,135.665
2011.04.18,134.412
2011.04.19,134.69
2011.04.20,135.436
2011.04.21,135.199
2011.04.22,135.13
2011.04.25,134.963
2011.04.26,134.377
2011.04.27,136.556
2011.04.28,135.568
2011.04.29,135.638
2011.05.02,135.241
2011.05.03,133.399
2011.05.04,132.884
2011.05.05,131.182
2011.05.06,131.909
2011.05.09,131.797
2011.05.10,132.322
2011.05.11,132.443
2011.05.12,131.824
2011.05.13,130.709
2011.05.16,130.775
2011.05.17,132.276
2011.05.18,132.009
2011.05.19,132.463
2011.05.20,132.594
2011.05.23,132.162
2011.05.24,132.572
2011.05.25,133.356
2011.05.26,133.308
2011.05.27,133.342
2011.05.30,133.306
2011.05.31,134.048
2011.06.01,132.188
2011.06.02,132.398
2011.06.03,131.826
2011.06.06,130.979
2011.06.07,131.686
2011.06.08,131.015
2011.06.09,131.476
2011.06.10,130.308
2011.06.13,131.372
2011.06.14,131.722
2011.06.15,131.067
2011.06.16,130.269
2011.06.17,129.577
2011.06.20,129.99
2011.06.21,130.269
2011.06.22,128.998
2011.06.23,128.827
2011.06.24,128.313
2011.06.27,129.306
2011.06.28,129.767
2011.06.29,129.708
2011.06.30,129.294
2011.07.01,129.864
2011.07.04,129.916
2011.07.05,130.167
2011.07.06,129.456
2011.07.07,129.73
2011.07.08,129.45
2011.07.11,127.626
2011.07.12,126.046
2011.07.13,127.165
2011.07.14,127.69
2011.07.15,127.649
2011.07.18,126.883
2011.07.19,127.619
2011.07.20,127.222
2011.07.21,127.834
2011.07.22,127.981
2011.07.25,127.379
2011.07.26,127.739
2011.07.27,127.298
2011.07.28,127.136
2011.07.29,126.044
2011.08.01,125.776
2011.08.02,125.702
2011.08.03,126.548
2011.08.04,128.202
2011.08.05,128.48
2011.08.08,126.842
2011.08.09,125.528
2011.08.10,123.966
2011.08.11,124.739
2011.08.12,124.815
2011.08.15,125.893
2011.08.16,126.344
2011.08.17,126.688
2011.08.18,126.431
2011.08.19,125.99
2011.08.22,126.312
2011.08.23,126.408
2011.08.24,125.999
2011.08.25,126.08
2011.08.26,125.471
2011.08.29,126.035
2011.08.30,125.039
2011.08.31,124.544
2011.09.01,124.422
2011.09.02,124.518
2011.09.05,123.889
2011.09.06,123.773
2011.09.07,123.488
2011.09.08,123.644
2011.09.09,123.043
2011.09.12,122.447
2011.09.13,121.38
2011.09.14,120.798
2011.09.15,121.146
2011.09.16,121.215
2011.09.19,120.237
2011.09.20,120.271
2011.09.21,118.473
2011.09.22,116.937
2011.09.23,118.21
2011.09.26,118.81
2011.09.27,120.052
2011.09.28,119.291
2011.09.29,120.027
2011.09.30,120.047
2011.10.03,118.206
2011.10.04,118.921
2011.10.05,118.69
2011.10.06,118.451
2011.10.07,119.351
2011.10.10,120.095
2011.10.11,119.355
2011.10.12,121.667
2011.10.13,121.206
2011.10.14,122.132
2011.10.17,120.916
2011.10.18,120.669
2011.10.19,121.114
2011.10.20,121.206
2011.10.21,121.654
2011.10.24,121.7
2011.10.25,121.716
2011.10.26,121.639
2011.10.27,122.232
2011.10.28,122.187
2011.10.30,122.054
2011.10.31,125.684
2011.11.01,124.942
2011.11.02,124.506
2011.11.03,125.115
2011.11.04,125.391
2011.11.06,125.594
2011.11.07,125.302
2011.11.08,125.021
2011.11.09,123.794
2011.11.10,123.684
2011.11.11,124.003
2011.11.14,122.595
2011.11.15,121.832
2011.11.16,121.174
2011.11.17,121.238
2011.11.18,121.502
2011.11.21,120.213
2011.11.22,120.293
2011.11.23,119.98
2011.11.24,119.447
2011.11.25,119.992
2011.11.28,120.948
2011.11.29,121.507
2011.11.30,121.857
2011.12.01,121.875
2011.12.02,121.59
2011.12.05,121.732
2011.12.06,121.223
2011.12.07,122
2011.12.08,121.295
2011.12.09,121.632
2011.12.12,121.386
2011.12.13,120.694
2011.12.14,120.7
2011.12.15,120.755
2011.12.16,120.844
2011.12.19,120.919
2011.12.20,121.953
2011.12.21,122.322
2011.12.22,122.513
2011.12.23,121.619
2011.12.26,121.835
2011.12.27,122.002
2011.12.28,120.445
2011.12.29,119.648
2011.12.30,119.534
2012.01.02,119.245
2012.01.03,120.052
2012.01.04,119.78
2012.01.05,119.446
2012.01.06,118.687
2012.01.09,118.759
2012.01.10,118.95
2012.01.11,117.766
2012.01.12,117.649
2012.01.13,117.843
2012.01.16,117.643
2012.01.17,117.78
2012.01.18,118.575
2012.01.19,119.381
2012.01.20,119.956
2012.01.23,119.877
2012.01.24,121.327
2012.01.25,121.751
2012.01.26,121.477
2012.01.27,120.599
2012.01.30,119.907
2012.01.31,120.152
2012.02.01,120.613
2012.02.02,120.414
2012.02.03,121.104
2012.02.06,121.059
2012.02.07,121.983
2012.02.08,121.83
2012.02.09,122.804
2012.02.10,122.27
2012.02.13,122.271
2012.02.14,123.047
2012.02.15,123.044
2012.02.16,124.675
2012.02.17,125.897
2012.02.20,126.177
2012.02.21,125.776
2012.02.22,125.767
2012.02.23,125.902
2012.02.24,128.876
2012.02.27,127.517
2012.02.28,127.896
2012.02.29,129.064
2012.03.01,129.386
2012.03.02,129.49
2012.03.05,129.341
2012.03.06,127.04
2012.03.07,127.609
2012.03.08,129.064
2012.03.09,129.211
2012.03.12,128.643
2012.03.13,130.153
2012.03.14,131.071
2012.03.15,131.236
2012.03.16,132.153
2012.03.19,132.475
2012.03.20,132.732
2012.03.21,132.283
2012.03.22,130.551
2012.03.23,130.637
2012.03.26,132.239
2012.03.27,132.632
2012.03.28,131.672
2012.03.29,131.547
2012.03.30,132.638
2012.04.02,131.487
2012.04.03,131.739
2012.04.04,130.979
2012.04.05,130.342
2012.04.06,129.55
2012.04.09,129.476
2012.04.10,127.93
2012.04.11,128.582
2012.04.12,129.057
2012.04.13,128.196
2012.04.16,127.812
2012.04.17,128.7
2012.04.18,130.147
2012.04.19,130.955
2012.04.20,131.418
2012.04.23,130.925
2012.04.24,131.231
2012.04.25,131.434
2012.04.26,131.05
2012.04.27,130.505
2012.04.30,129.538
2012.05.01,129.88
2012.05.02,129.787
2012.05.03,129.681
2012.05.04,128.944
2012.05.07,129.343
2012.05.08,129.018
2012.05.09,128.402
2012.05.10,129.008
2012.05.11,128.42
2012.05.14,128.45
2012.05.15,128.207
2012.05.16,127.768
2012.05.17,125.197
2012.05.18,124.945
2012.05.21,125.545
2012.05.22,126.003
2012.05.23,124.672
2012.05.24,124.677
2012.05.25,124.755
2012.05.28,124.594
2012.05.29,124.303
2012.05.30,122.352
2012.05.31,120.608
2012.06.01,119.832
2012.06.04,120.483
2012.06.05,121.104
2012.06.06,122.67
2012.06.07,123.601
2012.06.08,122.94
2012.06.11,122.982
2012.06.12,123.78
2012.06.13,123.197
2012.06.14,123.447
2012.06.15,123.687
2012.06.18,123.894
2012.06.19,124.11
2012.06.20,124.984
2012.06.21,125.126
2012.06.22,125.33
2012.06.25,124.026
2012.06.26,124.34
2012.06.27,124.054
2012.06.28,123.255
2012.06.29,125.283
2012.07.02,124.736
2012.07.03,125.128
2012.07.04,124.495
2012.07.05,124.033
2012.07.06,123.346
2012.07.09,123.493
2012.07.10,123.231
2012.07.11,123.61
2012.07.12,122.336
2012.07.13,123.326
2012.07.16,123.269
2012.07.17,123.714
2012.07.18,123.31
2012.07.19,123.533
2012.07.20,122.57
2012.07.23,121.515
2012.07.24,121.197
2012.07.25,121.095
2012.07.26,122.622
2012.07.27,123.516
2012.07.30,122.775
2012.07.31,122.445
2012.08.01,121.82
2012.08.02,121.352
2012.08.03,122.709
2012.08.06,122.041
2012.08.07,122.752
2012.08.08,122.769
2012.08.09,122.828
2012.08.10,122.747
2012.08.13,122.8
2012.08.14,123.393
2012.08.15,123.837
2012.08.16,124.786
2012.08.17,124.838
2012.08.20,124.733
2012.08.21,125.096
2012.08.22,124.76
2012.08.23,124.454
2012.08.24,124.346
2012.08.27,124.329
2012.08.28,124.155
2012.08.29,124.578
2012.08.30,124.073
2012.08.31,124.33
2012.09.03,124.281
2012.09.04,124.444
2012.09.05,124.619
2012.09.06,125.605
2012.09.07,125.204
2012.09.10,125.135
2012.09.11,124.939
2012.09.12,125.352
2012.09.13,125.147
2012.09.14,127.071
2012.09.17,127.861
2012.09.18,127.989
2012.09.19,127.096
2012.09.20,126.849
2012.09.21,126.821
2012.09.24,126.22
2012.09.25,125.9
2012.09.26,125.634
2012.09.27,125.955
2012.09.28,125.931
2012.10.01,125.774
2012.10.02,126.046
2012.10.03,126.149
2012.10.04,127.034
2012.10.05,126.858
2012.10.07,126.874
2012.10.08,125.503
2012.10.09,125.184
2012.10.10,125.105
2012.10.11,125.65
2012.10.12,126.007
2012.10.14,126.096
2012.10.15,126.352
2012.10.16,127.054
2012.10.17,127.45
2012.10.18,127.133
2012.10.19,126.912
2012.10.21,126.897
2012.10.22,127.974
2012.10.23,127.346
2012.10.24,127.95
2012.10.25,129.386
2012.10.26,128.218
2012.10.28,128.17
2012.10.29,127.873
2012.10.30,127.96
2012.10.31,128.682
2012.11.01,129.206
2012.11.02,128.786
2012.11.05,128.26
2012.11.06,128.509
2012.11.07,127.828
2012.11.08,126.996
2012.11.09,126.306
2012.11.12,126.173
2012.11.13,125.953
2012.11.14,127.075
2012.11.15,128.75
2012.11.16,129.096
2012.11.19,129.478
2012.11.20,130.032
2012.11.21,131.614
2012.11.22,131.441
2012.11.23,132.04
2012.11.26,131.508
2012.11.27,131.597
2012.11.28,131.405
2012.11.29,131.683
2012.11.30,132.031
2012.12.03,132.314
2012.12.04,131.805
2012.12.05,132.711
2012.12.06,132.218
2012.12.07,132.27
2012.12.10,132.361
2012.12.11,132.927
2012.12.12,134.422
2012.12.13,134.733
2012.12.14,135.011
2012.12.17,135.884
2012.12.18,136.794
2012.12.19,137.083
2012.12.20,137.32
2012.12.21,136.2
2012.12.24,136.913
2012.12.25,136.811
2012.12.26,138.063
2012.12.27,138.592
2012.12.28,138.851
2012.12.31,140.795
2013.01.02,141.903
2013.01.03,140.48
2013.01.04,141.655
2013.01.07,141.439
2013.01.08,139.705
2013.01.09,140.768
2013.01.10,143.502
2013.01.11,143.827
2013.01.14,143.815
2013.01.15,142.609
2013.01.16,141.431
2013.01.17,143.709
2013.01.18,142.897
2013.01.21,141.81
2013.01.22,140.474
2013.01.23,140.371
2013.01.24,142.589
2013.01.25,143.551
2013.01.28,142.564
2013.01.29,142.946
2013.01.30,143.876
2013.01.31,145.39
2013.02.01,145.663
2013.02.04,145.558
2013.02.05,146.584
2013.02.06,146.591
2013.02.07,147.094
2013.02.08,146.418
2013.02.11,147.655
2013.02.12,146.375
2013.02.13,145.118
2013.02.14,143.859
2013.02.15,145.054
2013.02.18,145.267
2013.02.19,144.309
2013.02.20,142.496
2013.02.21,142.001
2013.02.22,141.622
2013.02.25,139.184
2013.02.26,139.066
2013.02.27,139.779
2013.02.28,140.319
2013.03.01,140.69
2013.03.04,141.25
2013.03.05,141.074
2013.03.06,141.233
2013.03.07,142.325
2013.03.08,143.222
2013.03.11,143.649
2013.03.12,142.964
2013.03.13,143.311
2013.03.14,144.943
2013.03.15,143.972
2013.03.18,143.912
2013.03.19,143.555
2013.03.20,144.971
2013.03.21,144.113
2013.03.22,143.826
2013.03.24,143.92
2013.03.25,142.852
2013.03.26,143.269
2013.03.27,142.762
2013.03.28,143.073
2013.03.29,143.177
2013.04.01,141.958
2013.04.02,141.08
2013.04.03,140.711
2013.04.04,146.721
2013.04.05,149.582
2013.04.08,151.536
2013.04.09,151.69
2013.04.10,152.937
2013.04.11,153.326
2013.04.12,150.935
2013.04.15,147.851
2013.04.16,149.801
2013.04.17,149.471
2013.04.18,149.928
2013.04.19,151.547
2013.04.22,151.7
2013.04.23,151.555
2013.04.24,151.878
2013.04.25,153.137
2013.04.26,151.697
2013.04.29,151.492
2013.04.30,151.307
2013.05.01,151.459
2013.05.02,152.097
2013.05.03,154.151
2013.05.06,154.316
2013.05.07,153.25
2013.05.08,153.758
2013.05.09,155.384
2013.05.10,156.095
2013.05.13,155.745
2013.05.14,155.734
2013.05.15,155.728
2013.05.16,156.097
2013.05.17,156.553
2013.05.20,155.98
2013.05.21,155.273
2013.05.22,155.197
2013.05.23,154.077
2013.05.24,153.219
2013.05.27,152.519
2013.05.28,153.82
2013.05.29,153
2013.05.30,153.401
2013.05.31,152.692
2013.06.03,152.467
2013.06.04,153.111
2013.06.05,152.565
2013.06.06,151.26
2013.06.07,151.716
2013.06.10,153.747
2013.06.11,150.194
2013.06.12,150.503
2013.06.13,149.844
2013.06.14,147.753
2013.06.17,148.543
2013.06.18,149.084
2013.06.19,149.302
2013.06.20,150.786
2013.06.21,150.897
2013.06.24,150.776
2013.06.25,150.794
2013.06.26,149.563
2013.06.27,150.03
2013.06.28,150.782
2013.07.01,151.615
2013.07.02,152.474
2013.07.03,152.665
2013.07.04,150.738
2013.07.05,150.619
2013.07.08,150.914
2013.07.09,150.337
2013.07.10,149.591
2013.07.11,150.176
2013.07.12,149.834
2013.07.15,150.743
2013.07.16,150.188
2013.07.17,151.452
2013.07.18,152.872
2013.07.19,153.587
2013.07.22,153.046
2013.07.23,152.756
2013.07.24,153.5
2013.07.25,152.758
2013.07.26,151.106
2013.07.29,150.219
2013.07.30,149.335
2013.07.31,148.82
2013.08.01,150.471
2013.08.02,151.209
2013.08.05,150.876
2013.08.06,149.973
2013.08.07,149.167
2013.08.08,150.194
2013.08.09,149.128
2013.08.12,149.782
2013.08.13,151.658
2013.08.14,152.053
2013.08.15,152.219
2013.08.16,152.338
2013.08.19,152.583
2013.08.20,152.331
2013.08.21,152.896
2013.08.22,153.825
2013.08.23,153.618
2013.08.26,153.378
2013.08.27,150.817
2013.08.28,151.547
2013.08.29,152.429
2013.08.30,152.116
2013.09.02,154.353
2013.09.03,154.857
2013.09.04,155.783
2013.09.05,156.01
2013.09.06,154.857
2013.09.09,156.24
2013.09.10,157.892
2013.09.11,157.968
2013.09.12,157.306
2013.09.13,157.701
2013.09.16,157.438
2013.09.17,157.601
2013.09.18,158.082
2013.09.19,159.368
2013.09.20,158.895
2013.09.23,158.508
2013.09.24,157.993
2013.09.25,158.254
2013.09.26,158.716
2013.09.27,158.45
2013.09.30,158.93
2013.10.01,158.652
2013.10.02,157.917
2013.10.03,157.047
2013.10.04,156.003
2013.10.07,155.601
2013.10.08,155.755
2013.10.09,155.241
2013.10.10,156.689
2013.10.11,157.226
2013.10.14,157.476
2013.10.15,157.021
2013.10.16,157.44
2013.10.17,158.222
2013.10.18,157.971
2013.10.21,158.512
2013.10.22,159.286
2013.10.23,157.376
2013.10.24,157.579
2013.10.25,157.415
2013.10.27,157.879
2013.10.28,157.654
2013.10.29,157.556
2013.10.30,157.843
2013.10.31,157.778
2013.11.01,157.064
2013.11.04,157.411
2013.11.05,158.005
2013.11.06,158.612
2013.11.07,157.862
2013.11.08,158.582
2013.11.11,158.513
2013.11.12,158.42
2013.11.13,159.315
2013.11.14,160.671
2013.11.15,161.418
2013.11.18,161.051
2013.11.19,161.373
2013.11.20,161.047
2013.11.21,163.815
2013.11.22,164.248
2013.11.25,164.225
2013.11.26,164.165
2013.11.27,166.326
2013.11.28,167.15
2013.11.29,167.591
2013.12.02,168.333
2013.12.03,167.986
2013.12.04,167.668
2013.12.05,166.223
2013.12.06,168.195
2013.12.09,169.625
2013.12.10,169.082
2013.12.11,167.673
2013.12.12,168.969
2013.12.13,168.182
2013.12.16,167.85
2013.12.17,166.949
2013.12.18,170.887
2013.12.19,170.617
2013.12.20,169.96
2013.12.23,170.23
2013.12.24,170.651
2013.12.26,171.897
2013.12.27,173.269
2013.12.30,173.448
2013.12.31,174.407
2014.01.02,172.36
2014.01.03,172.074
2014.01.06,170.943
2014.01.07,171.505
2014.01.08,172.402
2014.01.09,172.745
2014.01.10,171.636
2014.01.13,168.715
2014.01.14,171.266
2014.01.15,171.129
2014.01.16,170.617
2014.01.17,171.249
2014.01.20,171.094
2014.01.21,171.796
2014.01.22,173.194
2014.01.23,171.75
2014.01.24,168.482
2014.01.27,170.032
2014.01.28,170.588
2014.01.29,169.369
2014.01.30,169.271
2014.01.31,167.725
2014.02.03,164.578
2014.02.04,165.901
2014.02.05,165.388
2014.02.06,166.612
2014.02.07,167.903
2014.02.10,167.702
2014.02.11,168.802
2014.02.12,170.12
2014.02.13,170.161
2014.02.14,170.456
2014.02.17,170.3
2014.02.18,170.73
2014.02.19,170.564
2014.02.20,170.236
2014.02.21,170.295
2014.02.24,170.696
2014.02.25,170.507
2014.02.26,170.591
2014.02.27,170.351
2014.02.28,170.37
2014.03.03,169.042
2014.03.04,170.281
2014.03.05,170.992
2014.03.06,172.483
2014.03.07,172.537
2014.03.10,171.9
2014.03.11,171.093
2014.03.12,170.755
2014.03.13,169.322
2014.03.14,168.713
2014.03.17,169.32
2014.03.18,168.275
2014.03.19,169.248
2014.03.20,169.012
2014.03.21,168.532
2014.03.24,168.624
2014.03.25,169.048
2014.03.26,169.173
2014.03.27,169.733
2014.03.28,171.073
2014.03.31,171.947
2014.04.01,172.331
2014.04.02,172.679
2014.04.03,172.466
2014.04.04,171.156
2014.04.07,171.164
2014.04.08,170.438
2014.04.09,171.238
2014.04.10,170.35
2014.04.11,170.019
2014.04.14,170.345
2014.04.15,170.431
2014.04.16,171.663
2014.04.17,171.908
2014.04.18,171.998
2014.04.21,172.222
2014.04.22,172.612
2014.04.23,172.043
2014.04.24,171.877
2014.04.25,171.632
2014.04.28,172.22
2014.04.29,172.683
2014.04.30,172.472
2014.05.01,172.811
2014.05.02,172.384
2014.05.05,172.233
2014.05.06,172.553
2014.05.07,172.711
2014.05.08,172.087
2014.05.09,171.532
2014.05.12,172.238
2014.05.13,172.02
2014.05.14,170.783
2014.05.15,170.479
2014.05.16,170.651
2014.05.19,170.607
2014.05.20,170.593
2014.05.21,171.284
2014.05.22,171.61
2014.05.23,171.593
2014.05.26,171.642
2014.05.27,171.362
2014.05.28,170.111
2014.05.29,170.118
2014.05.30,170.447
2014.06.02,171.411
2014.06.03,171.657
2014.06.04,171.908
2014.06.05,172.224
2014.06.06,172.137
2014.06.09,172.231
2014.06.10,171.472
2014.06.11,171.325
2014.06.12,172.138
2014.06.13,173.058
2014.06.16,172.917
2014.06.17,173.251
2014.06.18,173.159
2014.06.19,173.672
2014.06.20,173.626
2014.06.23,173.514
2014.06.24,173.165
2014.06.25,172.961
2014.06.26,173.15
2014.06.27,172.632
2014.06.30,173.29
2014.07.01,174.067
2014.07.02,174.655
2014.07.03,175.265
2014.07.04,175.068
2014.07.07,174.409
2014.07.08,173.98
2014.07.09,174.321
2014.07.10,173.579
2014.07.11,173.227
2014.07.14,173.433
2014.07.15,174.293
2014.07.16,174.225
2014.07.17,172.986
2014.07.18,173.003
2014.07.21,173.104
2014.07.22,173.087
2014.07.23,172.909
2014.07.24,172.903
2014.07.25,172.729
2014.07.28,172.948
2014.07.29,172.996
2014.07.30,173.809
2014.07.31,173.525
2014.08.01,172.544
2014.08.04,172.912
2014.08.05,173.203
2014.08.06,172.037
2014.08.07,171.835
2014.08.08,171.093
2014.08.11,171.52
2014.08.12,171.896
2014.08.13,170.895
2014.08.14,170.926
2014.08.15,170.78
2014.08.18,171.545
2014.08.19,170.98
2014.08.20,172.142
2014.08.21,172.155
2014.08.22,172.165
2014.08.25,172.478
2014.08.26,172.085
2014.08.27,172.165
2014.08.28,172
2014.08.29,172.771
2014.09.01,173.273
2014.09.02,173.055
2014.09.03,172.449
2014.09.04,171.86
2014.09.05,171.586
2014.09.08,170.723
2014.09.09,171
2014.09.10,173.178
2014.09.11,174.065
2014.09.12,174.631
2014.09.15,173.965
2014.09.16,174.339
2014.09.17,176.302
2014.09.18,178.141
2014.09.19,177.558
2014.09.22,178.045
2014.09.23,178.41
2014.09.24,178.138
2014.09.25,177.416
2014.09.26,177.489
2014.09.29,177.8
2014.09.30,177.714
2014.10.01,176.215
2014.10.02,175
2014.10.03,175.284
2014.10.06,174.93
2014.10.07,173.828
2014.10.08,174.729
2014.10.09,173.789
2014.10.10,173.044
2014.10.13,171.809
2014.10.14,170.222
2014.10.15,169.654
2014.10.16,171.034
2014.10.17,171.968
2014.10.20,172.854
2014.10.21,172.363
2014.10.22,171.942
2014.10.23,173.539
2014.10.24,173.992
2014.10.27,173.812
2014.10.28,174.429
2014.10.29,174.266
2014.10.30,174.834
2014.10.31,179.642
2014.11.03,182.13
2014.11.04,181.774
2014.11.05,183.133
2014.11.06,182.382
2014.11.07,181.885
2014.11.10,181.947
2014.11.11,184.278
2014.11.12,182.199
2014.11.13,181.863
2014.11.14,182.232
2014.11.17,182.426
2014.11.18,182.657
2014.11.19,184.983
2014.11.20,185.452
2014.11.21,184.374
2014.11.24,185.737
2014.11.25,185.298
2014.11.26,185.896
2014.11.27,185.181
2014.11.28,185.598
2014.12.01,186.22
2014.12.02,186.41
2014.12.03,187.891
2014.12.04,187.732
2014.12.05,189.289
2014.12.08,188.866
2014.12.09,187.507
2014.12.10,185.142
2014.12.11,186.619
2014.12.12,186.783
2014.12.15,184.221
2014.12.16,183.306
2014.12.17,184.744
2014.12.18,186.18
2014.12.19,186.574
2014.12.22,187.127
2014.12.23,187.279
2014.12.24,187.267
2014.12.26,187.238
2014.12.29,187.203
2014.12.30,185.856
2014.12.31,186.824
2015.01.02,184.637
2015.01.05,182.42
2015.01.06,179.326
2015.01.07,180.184
2015.01.08,180.539
2015.01.09,179.622
2015.01.12,179.531
2015.01.13,178.754
2015.01.14,178.694
2015.01.15,176.295
2015.01.16,178.013
2015.01.19,177.642
2015.01.20,179.891
2015.01.21,178.6
2015.01.22,177.824
2015.01.23,176.472
2015.01.26,178.598
2015.01.27,179.113
2015.01.28,177.855
2015.01.29,178.177
2015.01.30,176.769
2015.02.02,176.823
2015.02.03,178.287
2015.02.04,178.013
2015.02.05,180.122
2015.02.06,181.465
2015.02.09,180.499
2015.02.10,182.159
2015.02.11,183.445
2015.02.12,183.233
2015.02.13,182.9
2015.02.16,181.968
2015.02.17,183.03
2015.02.18,183.353
2015.02.19,183.319
2015.02.20,183.341
2015.02.23,183.633
2015.02.24,183.817
2015.02.25,184.554
2015.02.26,183.952
2015.02.27,184.594
2015.03.02,184.562
2015.03.03,183.874
2015.03.04,182.667
2015.03.05,183.056
2015.03.06,181.69
2015.03.08,181.661
2015.03.09,183.363
2015.03.10,182.378
2015.03.11,181.345
2015.03.12,180.528
2015.03.13,179.001
2015.03.15,178.87
2015.03.16,179.933
2015.03.17,178.903
2015.03.18,179.831
2015.03.19,178.232
2015.03.20,179.458
2015.03.22,179.419
2015.03.23,179.005
2015.03.24,177.74
2015.03.25,177.862
2015.03.26,177.052
2015.03.27,177.112
2015.03.30,177.823
2015.03.31,177.952
2015.04.01,177.487
2015.04.02,177.509
2015.04.03,177.338
2015.04.06,177.849
2015.04.07,178.048
2015.04.08,178.604
2015.04.09,177.374
2015.04.10,175.837
2015.04.13,176.259
2015.04.14,176.427
2015.04.15,176.791
2015.04.16,177.696
2015.04.17,177.944
2015.04.20,177.617
2015.04.21,178.624
2015.04.22,180.286
2015.04.23,180.032
2015.04.24,180.567
2015.04.27,181.368
2015.04.28,182.295
2015.04.29,183.706
2015.04.30,183.255
2015.05.01,181.912
2015.05.04,181.615
2015.05.05,181.902
2015.05.06,182.079
2015.05.07,182.499
2015.05.08,184.869
2015.05.11,187.138
2015.05.12,187.78
2015.05.13,187.593
2015.05.14,187.965
2015.05.15,187.749
2015.05.18,187.776
2015.05.19,187.188
2015.05.20,188.47
2015.05.21,189.522
2015.05.22,188.147
2015.05.25,188.029
2015.05.26,189.353
2015.05.27,189.816
2015.05.28,189.812
2015.05.29,189.742
2015.06.01,189.645
2015.06.02,190.389
2015.06.03,190.583
2015.06.04,191.026
2015.06.05,191.773
2015.06.08,191.037
2015.06.09,191.263
2015.06.10,190.456
2015.06.11,191.462
2015.06.12,192.082
2015.06.15,192.525
2015.06.16,192.997
2015.06.17,195.391
2015.06.18,195.2
2015.06.19,194.76
2015.06.22,195.199
2015.06.23,194.939
2015.06.24,194.456
2015.06.25,194.639
2015.06.26,195.064
2015.06.29,192.827
2015.06.30,192.453
2015.07.01,192.332
2015.07.02,192.035
2015.07.03,191.336
2015.07.06,191.223
2015.07.07,189.417
2015.07.08,185.405
2015.07.09,186.584
2015.07.10,190.305
2015.07.13,191.115
2015.07.14,192.916
2015.07.15,193.521
2015.07.16,193.75
2015.07.17,193.63
2015.07.20,193.38
2015.07.21,192.658
2015.07.22,193.519
2015.07.23,192.218
2015.07.24,192.067
2015.07.27,191.725
2015.07.28,192.918
2015.07.29,193.281
2015.07.30,193.641
2015.07.31,193.543
2015.08.03,193.294
2015.08.04,193.544
2015.08.05,194.797
2015.08.06,193.472
2015.08.07,192.433
2015.08.10,194.295
2015.08.11,194.781
2015.08.12,193.892
2015.08.13,194.197
2015.08.14,194.472
2015.08.17,193.8
2015.08.18,194.756
2015.08.19,194.069
2015.08.20,193.545
2015.08.21,191.494
2015.08.24,186.728
2015.08.25,186.348
2015.08.26,185.322
2015.08.27,186.361
2015.08.28,187.228
2015.08.31,185.986
2015.09.01,182.661
2015.09.02,184.067
2015.09.03,183.162
2015.09.04,180.585
2015.09.07,182.108
2015.09.08,184.425
2015.09.09,185.137
2015.09.10,186.246
2015.09.11,186.014
2015.09.14,185.421
2015.09.15,184.726
2015.09.16,186.714
2015.09.17,187.046
2015.09.18,186.223
2015.09.21,186.936
2015.09.22,184.564
2015.09.23,183.277
2015.09.24,183.013
2015.09.25,183.047
2015.09.28,181.922
2015.09.29,181.362
2015.09.30,181.328
2015.10.01,181.421
2015.10.02,181.964
2015.10.05,182.389
2015.10.06,183.019
2015.10.07,183.812
2015.10.08,184.032
2015.10.09,183.992
2015.10.12,184.203
2015.10.13,182.557
2015.10.14,183.898
2015.10.15,183.838
2015.10.16,184.448
2015.10.19,184.766
2015.10.20,185.061
2015.10.21,184.835
2015.10.22,185.761
2015.10.23,185.969
2015.10.25,185.954
2015.10.26,185.724
2015.10.27,184.252
2015.10.28,184.88
2015.10.29,185.367
2015.10.30,186.047
2015.11.02,186.153
2015.11.03,186.684
2015.11.04,187.004
2015.11.05,185.128
2015.11.06,185.293
2015.11.09,186.157
2015.11.10,186.161
2015.11.11,186.854
2015.11.12,186.7
2015.11.13,186.745
2015.11.16,187.235
2015.11.17,187.74
2015.11.18,188.335
2015.11.19,187.855
2015.11.20,186.553
2015.11.23,185.748
2015.11.24,184.747
2015.11.25,185.634
2015.11.26,185.067
2015.11.27,184.505
2015.11.30,185.325
2015.12.01,185.263
2015.12.02,184.335
2015.12.03,185.633
2015.12.04,185.969
2015.12.07,185.702
2015.12.08,184.45
2015.12.09,184.313
2015.12.10,184.246
2015.12.11,183.915
2015.12.14,183.224
2015.12.15,182.939
2015.12.16,183.313
2015.12.17,182.598
2015.12.18,180.436
2015.12.21,180.339
2015.12.22,179.5
2015.12.23,179.759
2015.12.24,179.531
2015.12.28,179.139
2015.12.29,178.473
2015.12.30,178.509
2015.12.31,177.176
2016.01.04,175.697
2016.01.05,174.694
2016.01.06,173.304
2016.01.07,171.954
2016.01.08,170.173
2016.01.11,171.23
2016.01.12,169.935
2016.01.13,169.528
2016.01.14,170.136
2016.01.15,166.791
2016.01.18,167.058
2016.01.19,166.516
2016.01.20,165.89
2016.01.21,167.369
2016.01.22,169.441
2016.01.25,168.548
2016.01.26,169.927
2016.01.27,168.893
2016.01.28,170.605
2016.01.29,172.516
2016.02.01,174.549
2016.02.02,172.853
2016.02.03,172.104
2016.02.04,170.321
2016.02.05,169.358
2016.02.08,167.144
2016.02.09,166.575
2016.02.10,164.578
2016.02.11,162.716
2016.02.12,164.188
2016.02.15,165.316
2016.02.16,163.155
2016.02.17,163.029
2016.02.18,162.317
2016.02.19,162.035
2016.02.22,159.722
2016.02.23,157.164
2016.02.24,156.2
2016.02.25,157.736
2016.02.26,158.108
2016.02.29,156.778
2016.03.01,159.01
2016.03.02,159.739
2016.03.03,161.148
2016.03.04,161.877
2016.03.07,161.785
2016.03.08,160.075
2016.03.09,161.098
2016.03.10,161.577
2016.03.11,163.698
2016.03.13,163.733
2016.03.14,162.725
2016.03.15,160.19
2016.03.16,160.59
2016.03.17,161.28
2016.03.18,161.447
2016.03.20,161.234
2016.03.21,160.871
2016.03.22,159.724
2016.03.23,158.668
2016.03.24,159.669
2016.03.25,159.712
2016.03.28,161.69
2016.03.29,161.981
2016.03.30,161.6
2016.03.31,161.613
2016.04.01,158.8
2016.04.04,158.777
2016.04.05,156.206
2016.04.06,155
2016.04.07,151.997
2016.04.08,152.639
2016.04.11,153.638
2016.04.12,154.9
2016.04.13,155.264
2016.04.14,154.764
2016.04.15,154.488
2016.04.18,155.315
2016.04.19,157.208
2016.04.20,157.373
2016.04.21,156.744
2016.04.22,161.028
2016.04.25,160.987
2016.04.26,162.258
2016.04.27,162.009
2016.04.28,157.899
2016.04.29,155.338
2016.05.02,156.113
2016.05.03,154.889
2016.05.04,155.086
2016.05.05,155.35
2016.05.06,154.467
2016.05.09,156.039
2016.05.10,157.747
2016.05.11,156.616
2016.05.12,157.485
2016.05.13,156.002
2016.05.16,156.991
2016.05.17,157.824
2016.05.18,160.849
2016.05.19,160.65
2016.05.20,159.695
2016.05.23,158.207
2016.05.24,160.945
2016.05.25,161.876
2016.05.26,161.013
2016.05.27,161.146
2016.05.30,162.652
2016.05.31,160.32
2016.06.01,157.891
2016.06.02,157.019
2016.06.03,154.599
2016.06.06,155.288
2016.06.07,156.115
2016.06.08,155.171
2016.06.09,154.782
2016.06.10,152.336
2016.06.13,151.486
2016.06.14,149.682
2016.06.15,150.547
2016.06.16,148.062
2016.06.17,149.424
2016.06.20,152.642
2016.06.21,153.429
2016.06.22,153.528
2016.06.23,157.673
2016.06.24,139.681
2016.06.27,134.81
2016.06.28,137.085
2016.06.29,137.979
2016.06.30,137.306
2016.07.01,136.124
2016.07.04,136.184
2016.07.05,132.428
2016.07.06,130.957
2016.07.07,130.032
2016.07.08,130.278
2016.07.11,133.562
2016.07.12,138.613
2016.07.13,137.322
2016.07.14,140.546
2016.07.15,138.218
2016.07.18,140.667
2016.07.19,139.103
2016.07.20,141.131
2016.07.21,139.997
2016.07.22,139.039
2016.07.25,138.967
2016.07.26,137.336
2016.07.27,139.321
2016.07.28,138.548
2016.07.29,134.914
2016.08.01,134.884
2016.08.02,134.714
2016.08.03,134.875
2016.08.04,132.621
2016.08.05,133.015
2016.08.08,133.56
2016.08.09,132.44
2016.08.10,131.707
2016.08.11,132.035
2016.08.12,130.811
2016.08.15,130.394
2016.08.16,130.826
2016.08.17,130.734
2016.08.18,131.489
2016.08.19,131.055
2016.08.22,131.783
2016.08.23,132.283
2016.08.24,132.911
2016.08.25,132.54
2016.08.26,133.676
2016.08.29,133.559
2016.08.30,134.574
2016.08.31,135.851
2016.09.01,136.911
2016.09.02,138.277
2016.09.05,137.522
2016.09.06,137.058
2016.09.07,135.704
2016.09.08,136.205
2016.09.09,136.254
2016.09.12,135.78
2016.09.13,135.22
2016.09.14,135.521
2016.09.15,135.085
2016.09.16,132.936
2016.09.19,132.774
2016.09.20,132.085
2016.09.21,130.651
2016.09.22,131.73
2016.09.23,130.948
2016.09.26,130.113
2016.09.27,130.743
2016.09.28,131.039
2016.09.29,130.965
2016.09.30,131.463
2016.10.03,130.485
2016.10.04,130.905
2016.10.05,131.905
2016.10.06,131.099
2016.10.07,127.887
2016.10.10,128.026
2016.10.11,125.452
2016.10.12,127.17
2016.10.13,127.013
2016.10.14,126.979
2016.10.17,126.528
2016.10.18,127.677
2016.10.19,127.053
2016.10.20,127.358
2016.10.21,126.932
2016.10.24,127.498
2016.10.25,127.029
2016.10.26,127.926
2016.10.27,128.045
2016.10.28,127.653
2016.10.30,127.433
2016.10.31,128.223
2016.11.01,127.412
2016.11.02,127.123
2016.11.03,128.338
2016.11.04,129.038
2016.11.07,129.477
2016.11.08,130.161
2016.11.09,131.053
2016.11.10,134.027
2016.11.11,134.264
2016.11.14,135.373
2016.11.15,135.978
2016.11.16,135.676
2016.11.17,136.737
2016.11.18,136.855
2016.11.21,138.365
2016.11.22,138.058
2016.11.23,139.842
2016.11.24,141.025
2016.11.25,141.069
2016.11.28,138.97
2016.11.29,140.375
2016.11.30,143.112
2016.12.01,143.57
2016.12.02,144.47
2016.12.05,144.885
2016.12.06,144.473
2016.12.07,143.566
2016.12.08,143.46
2016.12.09,144.858
2016.12.12,145.778
2016.12.13,145.779
2016.12.14,146.991
2016.12.15,146.708
2016.12.16,147.312
2016.12.19,145.137
2016.12.20,145.712
2016.12.21,145.232
2016.12.22,144.313
2016.12.23,144.049
2016.12.26,143.807
2016.12.27,143.988
2016.12.28,143.323
2016.12.29,142.828
2016.12.30,144.33
2017.01.02,144.204
2017.01.03,144.049
2017.01.04,144.415
2017.01.05,143.154
2017.01.06,143.632
2017.01.09,141.056
2017.01.10,140.952
2017.01.11,140.896
2017.01.12,139.419
2017.01.13,139.622
2017.01.16,137.49
2017.01.17,139.798
2017.01.18,140.485
2017.01.19,141.756
2017.01.20,141.802
2017.01.23,141.233
2017.01.24,142.42
2017.01.25,143.072
2017.01.26,144.193
2017.01.27,144.401
2017.01.30,142.012
2017.01.31,141.854
2017.02.01,143.321
2017.02.02,141.275
2017.02.03,140.49
2017.02.06,139.306
2017.02.07,140.523
2017.02.08,140.348
2017.02.09,141.475
2017.02.10,141.383
2017.02.13,142.419
2017.02.14,142.41
2017.02.15,142.206
2017.02.16,141.415
2017.02.17,140.075
2017.02.20,140.884
2017.02.21,141.789
2017.02.22,140.983
2017.02.23,141.335
2017.02.24,139.722
2017.02.27,140.181
2017.02.28,139.603
2017.03.01,139.804
2017.03.02,140.327
2017.03.03,140.181
2017.03.06,139.244
2017.03.07,139.018
2017.03.08,139.026
2017.03.09,139.83
2017.03.10,139.623
2017.03.12,139.644
2017.03.13,140.329
2017.03.14,139.46
2017.03.15,139.433
2017.03.16,140.038
2017.03.17,139.647
2017.03.19,139.493
2017.03.20,139.024
2017.03.21,139.423
2017.03.22,138.835
2017.03.23,138.903
2017.03.24,138.864
2017.03.27,138.97
2017.03.28,138.325
2017.03.29,138.055
2017.03.30,139.52
2017.03.31,139.757
2017.04.03,138.417
2017.04.04,137.727
2017.04.05,138.178
2017.04.06,138.134
2017.04.07,137.412
2017.04.10,137.726
2017.04.11,136.896
2017.04.12,136.678
2017.04.13,136.381
2017.04.14,135.961
2017.04.17,136.815
2017.04.18,139.202
2017.04.19,139.071
2017.04.20,140.063
2017.04.21,139.662
2017.04.24,140.413
2017.04.25,142.602
2017.04.26,142.656
2017.04.27,143.547
2017.04.28,144.383
2017.05.01,144.111
2017.05.02,144.898
2017.05.03,145.07
2017.05.04,145.332
2017.05.05,146.223
2017.05.08,146.532
2017.05.09,147.434
2017.05.10,147.832
2017.05.11,146.695
2017.05.12,146.029
2017.05.15,146.688
2017.05.16,146.093
2017.05.17,143.709
2017.05.18,144.211
2017.05.19,145
2017.05.22,144.699
2017.05.23,144.85
2017.05.24,144.587
2017.05.25,144.711
2017.05.26,142.533
2017.05.29,142.836
2017.05.30,142.515
2017.05.31,142.773
2017.06.01,143.436
2017.06.02,142.329
2017.06.05,142.538
2017.06.06,141.217
2017.06.07,142.27
2017.06.08,142.46
2017.06.09,140.57
2017.06.12,139.134
2017.06.13,140.369
2017.06.14,139.696
2017.06.15,141.465
2017.06.16,141.634
2017.06.19,141.996
2017.06.20,140.762
2017.06.21,141.097
2017.06.22,141.175
2017.06.23,141.554
2017.06.26,142.257
2017.06.27,143.943
2017.06.28,145.056
2017.06.29,145.848
2017.06.30,146.437
2017.07.03,146.708
2017.07.04,146.244
2017.07.05,146.488
2017.07.06,146.811
2017.07.07,146.752
2017.07.10,146.869
2017.07.11,146.342
2017.07.12,145.779
2017.07.13,146.565
2017.07.14,147.451
2017.07.17,147.017
2017.07.18,146.102
2017.07.19,145.794
2017.07.20,145.092
2017.07.21,144.403
2017.07.24,144.727
2017.07.25,145.705
2017.07.26,145.852
2017.07.27,145.259
2017.07.28,145.355
2017.07.31,145.698
2017.08.01,145.712
2017.08.02,146.363
2017.08.03,144.564
2017.08.04,144.278
2017.08.07,144.339
2017.08.08,143.326
2017.08.09,143.128
2017.08.10,141.703
2017.08.11,142.025
2017.08.14,142.108
2017.08.15,142.41
2017.08.16,142.043
2017.08.17,140.937
2017.08.18,140.555
2017.08.21,140.55
2017.08.22,140.483
2017.08.23,139.558
2017.08.24,140.214
2017.08.25,140.789
2017.08.28,141.252
2017.08.29,141.686
2017.08.30,142.462
2017.08.31,142.184
2017.09.01,142.803
2017.09.04,141.834
2017.09.05,141.785
2017.09.06,142.42
2017.09.07,142.043
2017.09.08,142.263
2017.09.11,143.977
2017.09.12,146.316
2017.09.13,145.933
2017.09.14,147.681
2017.09.15,150.586
2017.09.18,150.563
2017.09.19,150.666
2017.09.20,151.397
2017.09.21,152.734
2017.09.22,151.14
2017.09.25,150.441
2017.09.26,151.021
2017.09.27,150.994
2017.09.28,150.971
2017.09.29,150.717
2017.10.02,149.659
2017.10.03,149.368
2017.10.04,149.346
2017.10.05,147.985
2017.10.06,147.221
2017.10.09,148.055
2017.10.10,148.448
2017.10.11,148.721
2017.10.12,148.907
2017.10.13,148.587
2017.10.16,148.621
2017.10.17,147.959
2017.10.18,149.105
2017.10.19,148.032
2017.10.20,149.672
2017.10.23,149.681
2017.10.24,149.554
2017.10.25,150.825
2017.10.26,149.995
2017.10.27,149.243
2017.10.29,149.266
2017.10.30,149.45
2017.10.31,150.984
2017.11.01,151.206
2017.11.02,148.964
2017.11.03,149.124
2017.11.06,149.715
2017.11.07,150.059
2017.11.08,149.301
2017.11.09,149.126
2017.11.10,149.716
2017.11.13,148.972
2017.11.14,149.332
2017.11.15,148.631
2017.11.16,149.111
2017.11.17,148.213
2017.11.20,149.007
2017.11.21,148.81
2017.11.22,148.148
2017.11.23,147.955
2017.11.24,148.655
2017.11.27,147.898
2017.11.28,148.633
2017.11.29,150.033
2017.11.30,152.141
2017.12.01,151.152
2017.12.04,151.456
2017.12.05,151.299
2017.12.06,150.316
2017.12.07,152.337
2017.12.08,151.885
2017.12.11,151.445
2017.12.12,151.172
2017.12.13,150.996
2017.12.14,150.888
2017.12.15,149.947
2017.12.18,150.546
2017.12.19,151.061
2017.12.20,151.634
2017.12.21,151.628
2017.12.22,151.26
2017.12.26,151.403
2017.12.27,151.788
2017.12.28,151.674
2017.12.29,152.095
2018.01.02,152.527
2018.01.03,151.982
2018.01.04,152.727
2018.01.05,153.356
2018.01.08,153.402
2018.01.09,152.496
2018.01.10,150.444
2018.01.11,150.524
2018.01.12,152.422
2018.01.15,152.38
2018.01.16,152.264
2018.01.17,153.89
2018.01.18,154.296
2018.01.19,153.482
2018.01.22,155.066
2018.01.23,154.35
2018.01.24,155.482
2018.01.25,154.63
2018.01.26,153.874
2018.01.29,153.3
2018.01.30,153.832
2018.01.31,154.924
2018.02.01,155.983
2018.02.02,155.455
2018.02.05,152.154
2018.02.06,152.767
2018.02.07,151.676
2018.02.08,151.235
2018.02.09,150.358
2018.02.12,150.274
2018.02.13,149.755
2018.02.14,149.723
2018.02.15,149.566
2018.02.16,149.095
2018.02.19,149.165
2018.02.20,150.143
2018.02.21,149.94
2018.02.22,148.915
2018.02.23,149.266
2018.02.26,149.281
2018.02.27,149.203
2018.02.28,146.737
2018.03.01,146.282
2018.03.02,145.892
2018.03.05,147.046
2018.03.06,147.337
2018.03.07,147.303
2018.03.08,146.628
2018.03.09,147.927
2018.03.11,147.879
2018.03.12,147.994
2018.03.13,148.67
2018.03.14,148.461
2018.03.15,148.211
2018.03.16,147.782
2018.03.18,147.852
2018.03.19,148.709
2018.03.20,149.139
2018.03.21,149.947
2018.03.22,148.5
2018.03.23,148.012
2018.03.26,149.962
2018.03.27,149.079
2018.03.28,150.347
2018.03.29,149.172
2018.03.30,148.967
2018.04.02,148.701
2018.04.03,149.802
2018.04.04,150.308
2018.04.05,150.355
2018.04.06,150.642
2018.04.09,150.817
2018.04.10,151.947
2018.04.11,151.368
2018.04.12,152.637
2018.04.13,152.846
2018.04.16,153.561
2018.04.17,152.836
2018.04.18,152.284
2018.04.19,151.195
2018.04.20,150.727
2018.04.23,151.508
2018.04.24,152.073
2018.04.25,152.404
2018.04.26,152.069
2018.04.27,150.256
2018.04.30,150.406
2018.05.01,149.562
2018.05.02,149.076
2018.05.03,148.201
2018.05.04,147.519
2018.05.07,147.864
2018.05.08,147.837
2018.05.09,148.624
2018.05.10,147.841
2018.05.11,148.05
2018.05.14,148.625
2018.05.15,148.949
2018.05.16,148.832
2018.05.17,149.68
2018.05.18,149.179
2018.05.21,149.03
2018.05.22,148.894
2018.05.23,146.87
2018.05.24,146.049
2018.05.25,145.399
2018.05.28,145.599
2018.05.29,143.99
2018.05.30,144.642
2018.05.31,144.644
2018.06.01,146.15
2018.06.04,146.123
2018.06.05,146.915
2018.06.06,147.755
2018.06.07,147.214
2018.06.08,146.82
2018.06.11,147.185
2018.06.12,147.528
2018.06.13,147.525
2018.06.14,146.655
2018.06.15,146.936
2018.06.18,146.342
2018.06.19,144.93
2018.06.20,145.302
2018.06.21,145.529
2018.06.22,145.834
2018.06.25,145.685
2018.06.26,145.5
2018.06.27,144.526
2018.06.28,144.457
2018.06.29,146.172
2018.07.02,145.717
2018.07.03,145.806
2018.07.04,146.057
2018.07.05,146.264
2018.07.06,146.71
2018.07.09,146.918
2018.07.10,147.275
2018.07.11,147.837
2018.07.12,148.567
2018.07.13,148.696
2018.07.16,148.572
2018.07.17,148.004
2018.07.18,147.443
2018.07.19,146.294
2018.07.20,146.333
2018.07.23,145.799
2018.07.24,146.096
2018.07.25,146.305
2018.07.26,145.736
2018.07.27,145.349
2018.07.30,145.764
2018.07.31,146.69
2018.08.01,146.634
2018.08.02,145.305
2018.08.03,144.659
2018.08.06,144.172
2018.08.07,144.088
2018.08.08,142.886
2018.08.09,142.384
2018.08.10,141.611
2018.08.13,141.328
2018.08.14,141.323
2018.08.15,140.552
2018.08.16,140.943
2018.08.17,140.889
2018.08.20,140.824
2018.08.21,142.211
2018.08.22,142.662
2018.08.23,142.476
2018.08.24,142.931
2018.08.27,143.151
2018.08.28,143.05
2018.08.29,145.425
2018.08.30,144.376
2018.08.31,143.95
2018.09.03,142.85
2018.09.04,143.284
2018.09.05,143.873
2018.09.06,143.128
2018.09.07,143.415
2018.09.10,144.677
2018.09.11,145.415
2018.09.12,145.069
2018.09.13,146.668
2018.09.14,146.424
2018.09.17,147.106
2018.09.18,147.705
2018.09.19,147.543
2018.09.20,149.134
2018.09.21,147.2
2018.09.24,147.92
2018.09.25,148.88
2018.09.26,148.391
2018.09.27,148.199
2018.09.28,148.104
2018.10.01,148.495
2018.10.02,147.396
2018.10.03,148.148
2018.10.04,148.27
2018.10.05,149.139
2018.10.08,148.137
2018.10.09,148.431
2018.10.10,148.055
2018.10.11,148.303
2018.10.12,147.576
2018.10.15,146.963
2018.10.16,147.912
2018.10.17,147.684
2018.10.18,146.005
2018.10.19,147.022
2018.10.22,146.204
2018.10.23,145.96
2018.10.24,144.547
2018.10.25,144.037
2018.10.26,143.494
2018.10.28,143.47
2018.10.29,143.779
2018.10.30,143.71
2018.10.31,144.21
2018.11.01,146.373
2018.11.02,146.734
2018.11.05,147.564
2018.11.06,148.471
2018.11.07,148.959
2018.11.08,148.971
2018.11.09,147.656
2018.11.12,146.24
2018.11.13,147.596
2018.11.14,147.559
2018.11.15,145.09
2018.11.16,144.708
2018.11.19,144.587
2018.11.20,144.154
2018.11.21,144.405
2018.11.22,145.41
2018.11.23,144.628
2018.11.26,145.528
2018.11.27,144.964
2018.11.28,145.768
2018.11.29,145.064
2018.11.30,144.672
2018.12.03,144.593
2018.12.04,143.357
2018.12.05,144.1
2018.12.06,143.918
2018.12.07,143.452
2018.12.10,142.29
2018.12.11,141.48
2018.12.12,142.994
2018.12.13,143.682
2018.12.14,142.697
2018.12.17,142.312
2018.12.18,142.162
2018.12.19,141.776
2018.12.20,140.805
2018.12.21,140.523
2018.12.24,140.537
2018.12.26,140.668
2018.12.27,140.301
2018.12.28,140.059
2018.12.31,139.931
2019.01.02,137.282
2019.01.03,135.903
2019.01.04,138.063
2019.01.07,138.879
2019.01.08,138.215
2019.01.09,138.307
2019.01.10,138.132
2019.01.11,139.326
2019.01.14,139.038
2019.01.15,139.725
2019.01.16,140.491
2019.01.17,141.839
2019.01.18,141.264
2019.01.21,141.353
2019.01.22,141.687
2019.01.23,143.19
2019.01.24,143.198
2019.01.25,144.577
2019.01.28,143.88
2019.01.29,142.892
2019.01.30,143
2019.01.31,142.691
2019.02.01,143.236
2019.02.04,143.189
2019.02.05,142.368
2019.02.06,142.155
2019.02.07,142.205
2019.02.08,142.016
2019.02.11,141.811
2019.02.12,142.397
2019.02.13,142.579
2019.02.14,141.359
2019.02.15,142.317
2019.02.18,142.856
2019.02.19,144.473
2019.02.20,144.639
2019.02.21,144.284
2019.02.22,144.447
2019.02.25,145.437
2019.02.26,146.529
2019.02.27,147.682
2019.02.28,147.699
2019.03.01,147.813
2019.03.04,147.222
2019.03.05,147.431
2019.03.06,147.171
2019.03.07,145.947
2019.03.08,144.688
2019.03.10,144.269
2019.03.11,146.663
2019.03.12,145.557
2019.03.13,148.103
2019.03.14,148.03
2019.03.15,148.164
2019.03.17,148.202
2019.03.18,147.571
2019.03.19,147.768
2019.03.20,145.952
2019.03.21,145.323
2019.03.22,145.176
2019.03.24,145.283
2019.03.25,145.102
2019.03.26,146.069
2019.03.27,145.351
2019.03.28,144.337
2019.03.29,144.378
2019.04.01,145.904
2019.04.02,146.132
2019.04.03,146.652
2019.04.04,145.948
2019.04.05,145.577
2019.04.08,145.603
2019.04.09,145.001
2019.04.10,145.251
2019.04.11,145.725
2019.04.12,146.366
2019.04.15,146.704
2019.04.16,146.124
2019.04.17,146.047
2019.04.18,145.386
2019.04.19,145.313
2019.04.22,145.274
2019.04.23,144.705
2019.04.24,144.679
2019.04.25,144.006
2019.04.26,144.197
2019.04.29,144.415
2019.04.30,145.241
2019.05.01,145.378
2019.05.02,145.285
2019.05.03,146.361
2019.05.06,145.012
2019.05.07,144.117
2019.05.08,143.141
2019.05.09,142.707
2019.05.10,142.979
2019.05.13,141.601
2019.05.14,141.402
2019.05.15,140.705
2019.05.16,140.516
2019.05.17,139.953
2019.05.20,140.004
2019.05.21,140.367
2019.05.22,139.721
2019.05.23,138.703
2019.05.24,138.893
2019.05.27,138.752
2019.05.28,138.354
2019.05.29,138.302
2019.05.30,138.138
2019.05.31,136.771
2019.06.03,136.833
2019.06.04,137.23
2019.06.05,137.549
2019.06.06,137.534
2019.06.07,137.816
2019.06.10,137.515
2019.06.11,138.016
2019.06.12,137.65
2019.06.13,137.313
2019.06.14,136.64
2019.06.17,135.999
2019.06.18,136.144
2019.06.19,136.595
2019.06.20,136.223
2019.06.21,136.784
2019.06.24,136.662
2019.06.25,135.93
2019.06.26,136.704
2019.06.27,136.524
2019.06.28,136.997
2019.07.01,137.004
2019.07.02,135.849
2019.07.03,135.501
2019.07.04,135.54
2019.07.05,135.872
2019.07.08,136
2019.07.09,135.628
2019.07.10,135.579
2019.07.11,135.81
2019.07.12,135.674
2019.07.15,135.034
2019.07.16,134.24
2019.07.17,134.182
2019.07.18,134.572
2019.07.19,134.696
2019.07.22,134.523
2019.07.23,134.56
2019.07.24,135.018
2019.07.25,135.244
2019.07.26,134.549
2019.07.29,132.878
2019.07.30,131.903
2019.07.31,132.232
2019.08.01,130.183
2019.08.02,129.608
2019.08.05,128.609
2019.08.06,129.505
2019.08.07,128.983
2019.08.08,128.633
2019.08.09,127.053
2019.08.12,127.095
2019.08.13,128.679
2019.08.14,127.648
2019.08.15,128.249
2019.08.16,129.129
2019.08.19,129.286
2019.08.20,129.223
2019.08.21,129.243
2019.08.22,130.339
2019.08.23,129.505
2019.08.26,129.585
2019.08.27,129.897
2019.08.28,129.498
2019.08.29,129.687
2019.08.30,129.224
2019.09.02,128.109
2019.09.03,127.913
2019.09.04,130.295
2019.09.05,131.841
2019.09.06,131.353
2019.09.09,132.351
2019.09.10,132.786
2019.09.11,132.869
2019.09.12,133.256
2019.09.13,135.046
2019.09.16,134.335
2019.09.17,135.109
2019.09.18,135.2
2019.09.19,135.234
2019.09.20,134.09
2019.09.23,133.63
2019.09.24,133.665
2019.09.25,133.068
2019.09.26,132.853
2019.09.27,132.613
2019.09.30,132.765
2019.10.01,132.463
2019.10.02,131.788
2019.10.03,131.775
2019.10.04,131.85
2019.10.07,131.791
2019.10.08,130.778
2019.10.09,131.127
2019.10.10,134.251
2019.10.11,137.119
2019.10.14,136.636
2019.10.15,139.176
2019.10.16,139.5
2019.10.17,140.018
2019.10.18,140.643
2019.10.21,140.722
2019.10.22,139.601
2019.10.23,140.263
2019.10.24,139.481
2019.10.25,139.42
2019.10.27,139.294
2019.10.28,140.145
2019.10.29,140.054
2019.10.30,140.413
2019.10.31,139.651
2019.11.01,139.932
2019.11.04,139.797
2019.11.05,140.578
2019.11.06,140.088
2019.11.07,139.993
2019.11.08,139.546
2019.11.11,140.064
2019.11.12,139.967
2019.11.13,139.749
2019.11.14,139.609
2019.11.15,140.326
2019.11.18,140.727
2019.11.19,140.24
2019.11.20,140.314
2019.11.21,140.132
2019.11.22,139.393
2019.11.25,140.452
2019.11.26,140.239
2019.11.27,141.384
2019.11.28,141.382
2019.11.29,141.468
2019.12.02,140.909
2019.12.03,141.056
2019.12.04,142.623
2019.12.05,143.051
2019.12.06,142.606
2019.12.09,142.581
2019.12.10,142.966
2019.12.11,143.208
2019.12.12,143.793
2019.12.13,145.774
2019.12.16,145.894
2019.12.17,143.66
2019.12.18,143.197
2019.12.19,142.241
2019.12.20,142.285
2019.12.23,141.381
2019.12.24,141.66
2019.12.26,142.33
2019.12.27,143.233
2019.12.30,142.741
2019.12.31,144.248
2020.01.02,142.553
2020.01.03,141.344
2020.01.06,142.633
2020.01.07,142.236
2020.01.08,142.824
2020.01.09,143.053
2020.01.10,143.007
2020.01.13,142.75
2020.01.14,143.094
2020.01.15,143.251
2020.01.16,144.034
2020.01.17,143.24
2020.01.20,143.29
2020.01.21,143.282
2020.01.22,144.263
2020.01.23,143.585
2020.01.24,142.784
2020.01.27,142.086
2020.01.28,142.163
2020.01.29,141.854
2020.01.30,142.58
2020.01.31,143.081
2020.02.03,141.148
2020.02.04,142.681
2020.02.05,142.717
2020.02.06,142.143
2020.02.07,141.419
