date,close,volume,open,high,low
2020/4/9,27.77,22233210,28.48,29.05,27.28
2020/4/8,27.86,31240850,26.785,28.46,25.92
2020/4/7,25.61,25831090,25.97,26.86,25.3102
2020/4/6,24.93,26014880,24.1,25.05,23.79
2020/4/3,23.09,25029710,24.1,24.32,22.75
2020/4/2,23.02,17114780,23,23.58,22.36
2020/4/1,23.32,20026970,23.7,24.3942,23.05
2020/3/31,24.56,24993380,25.79,26.3306,24.4
2020/3/30,25.59,20720840,25.25,25.94,24.6
2020/3/27,25.29,22069280,25.56,25.83,24.76
2020/3/26,26.41,20453340,26.15,27.03,25.625
2020/3/25,25.97,25738820,25.85,27.46,24.52
2020/3/24,25.85,32815920,25.79,26.46,24.13
2020/3/23,24.69,21882580,23.8,25.25,23.5
2020/3/20,23.95,28250720,24.97,25.8638,23.7
2020/3/19,24.13,29979330,22.11,25.17,20.6558
2020/3/18,22,31012720,22.95,23.49,20
2020/3/17,24.48,28741660,24.38,25.84,23.18
2020/3/16,24.04,28768060,26.12,28.35,23.92
2020/3/13,29.29,29059110,28.83,29.41,26.4001
2020/3/12,26.78,32519480,29.08,29.69,26.7
2020/3/11,31.3,27478300,33.3,33.4553,30.01
2020/3/10,34.31,27327630,33.9,34.78,33.12
2020/3/9,32.46,41767570,31.81,35.36,30.62
2020/3/6,33.46,20361060,33.81,33.99,32.51
2020/3/5,34.97,14132160,35.03,35.73,34.52
2020/3/4,36,14980310,35.76,36,34.77
2020/3/3,34.93,22973060,36.02,36.48,34.41
2020/3/2,35.82,39914750,36,36.86,35.14
2020/2/28,33.2,33688910,31.86,33.37,31.51
2020/2/27,33.01,27234090,33.73,34.2,32.47
2020/2/26,34.63,18066350,35.28,35.82,34.435
2020/2/25,35.21,19841300,36.18,36.45,34.885
2020/2/24,35.89,25155380,36.5,36.59,35.3
2020/2/21,38.31,15326740,38.67,38.76,38.04
2020/2/20,39.05,17273370,38.76,39.06,37.955
2020/2/19,38.77,19068570,38.09,38.91,37.935
2020/2/18,38.06,16821350,36.78,38.07,36.68
2020/2/14,36.91,12210390,37,37.35,36.58
2020/2/13,37.16,19621430,36.43,37.32,36.21
2020/2/12,36.79,20716440,36.19,37.02,36.17
2020/2/11,35.65,14464740,36.12,36.28,35.535
2020/2/10,35.96,34860320,36.63,36.85,35.65
2020/2/7,37.03,31135080,37.63,38.15,36.84
2020/2/6,38.41,87659730,36.53,39.64,36.42
2020/2/5,33.39,20468190,34,34.16,33.19
2020/2/4,33.96,14598180,33.75,34.115,33.4
2020/2/3,33.07,14196190,32.56,33.24,32.45
2020/1/31,32.48,12033050,33.11,33.14,32.08
2020/1/30,33.22,12083790,32.86,33.23,32.39
2020/1/29,33.63,7582161,33.59,33.88,33.2927
2020/1/28,33.42,9739386,33.06,33.66,32.85
2020/1/27,32.78,11800760,32.31,32.93,32.15
2020/1/24,33.19,12336570,34.11,34.11,32.97
2020/1/23,33.89,14887190,33.99,34.36,33.72
2020/1/22,34.02,12851780,34.29,34.54,33.955
2020/1/21,34.09,17055610,34.08,34.385,33.87
2020/1/17,34.22,19303540,33.82,34.39,33.58
2020/1/16,34.19,19919940,33.5,34.27,33.03
2020/1/15,33.23,11262330,32.99,33.51,32.95
2020/1/14,32.82,9816501,32.69,33.12,32.64
2020/1/13,32.69,11008260,32.97,33.07,32.49
2020/1/10,32.78,11156040,32.86,33.01,32.46
2020/1/9,33.22,10892340,33.53,33.54,33
2020/1/8,33.05,14637340,32.35,33.4,32.35
2020/1/7,32.54,13998270,31.8,32.695,31.72
2020/1/6,31.64,12585830,31.23,31.71,31.16
2020/1/3,31.52,14440380,31.71,32.1,31.26
2020/1/2,32.3,10694420,32.31,32.5,31.96
2019/12/31,32.05,11055160,31.86,32.32,31.77
2019/12/30,32.03,9402711,32.49,32.5029,31.82
2019/12/27,32.55,10412930,32.75,32.84,32.22
2019/12/26,32.63,9807822,32.59,32.89,32.4211
2019/12/24,32.5,4290460,32.44,32.71,32.42
2019/12/23,32.43,13991870,32.13,32.8,31.99
2019/12/20,32.13,21859650,32.12,32.25,31.54
2019/12/19,32.03,19906720,31.75,32.42,31.61
2019/12/18,31.68,19051480,30.69,31.91,30.6315
2019/12/17,30.7,11911260,31.07,31.21,30.63
2019/12/16,30.97,15862110,30.52,31.28,30.41
2019/12/13,30.39,12844530,30.24,30.61,30.24
2019/12/12,30.3,18921530,30.47,30.59,29.93
2019/12/11,30.55,11013910,29.95,30.6,29.86
2019/12/10,29.84,12375760,30.23,30.26,29.77
2019/12/9,30.21,10062270,30.12,30.75,30.12
2019/12/6,30.19,10877460,30.35,30.47,29.98
2019/12/5,30.04,11069840,30.08,30.36,29.92
2019/12/4,30,9778965,30.18,30.33,29.91
2019/12/3,29.97,16559340,29.94,30.01,29.48
2019/12/2,30.42,14550080,30.91,30.95,29.97
2019/11/29,30.91,7814538,31.11,31.14,30.78
2019/11/27,31.17,14190190,31,31.36,30.93
2019/11/26,30.96,16356420,30.57,30.99,30.4
2019/11/25,30.54,14050930,30.13,30.57,30.05
2019/11/22,30.03,14188280,29.87,30.1657,29.575
2019/11/21,29.79,24304440,29.2,30.49,29.15
2019/11/20,29.17,14289030,29.3,29.48,28.88
2019/11/19,29.44,9962480,29.62,29.67,29.18
2019/11/18,29.49,14537560,29.24,29.735,29.01
2019/11/15,29.25,12170600,29.05,29.43,28.91
2019/11/14,28.89,13714690,29.16,29.37,28.73
2019/11/13,29.08,9316396,29.04,29.3,28.93
2019/11/12,29.05,15144150,29.36,29.5,28.93
2019/11/11,29.34,9693171,29.13,29.35,28.92
2019/11/8,29.21,10624450,29.16,29.43,29.05
2019/11/7,29.05,22740600,29,29.59,28.63
2019/11/6,29.54,15313790,29.85,29.9,29.4
2019/11/5,29.81,16645850,30.19,30.36,29.71
2019/11/4,30.05,20340170,29.77,30.15,29.61
2019/11/1,29.62,22716680,29.96,30.26,29.41
2019/10/31,29.97,36865130,29.47,29.98,28.84
2019/10/30,29.86,25518730,30.15,30.17,29.72
2019/10/29,29.85,20674780,30,30.36,29.82
2019/10/28,30.06,29893920,30.5,30.66,29.75
2019/10/25,30.3,43837200,30.87,31.04,29.92
2019/10/24,30.75,106271100,31.86,32.39,30.51
2019/10/23,38.83,20530730,38.99,39.4499,37.76
2019/10/22,38.81,13082860,40.48,40.48,38.78
2019/10/21,40.09,9570554,39.35,40.29,39.31
2019/10/18,38.99,12593950,39.69,39.91,38.27
2019/10/17,39.61,7194894,40.12,40.1495,39.41
2019/10/16,39.91,8413587,40.01,40.46,39.595
2019/10/15,40.28,7751263,39.56,40.4,39.35
2019/10/14,39.78,6460851,40.32,40.47,39.47
2019/10/11,40.36,9283524,39.89,40.7,39.805
2019/10/10,39.54,6831719,39.34,39.89,39.26
2019/10/9,39.5,8077170,39.99,40.1,39.22
2019/10/8,39.7,8003323,40.412,40.48,39.67
2019/10/7,40.8,6614109,40.24,40.87,40.06
2019/10/4,40.36,6321528,40.36,40.59,39.83
2019/10/3,40,13662710,39.59,40.16,38.61
2019/10/2,39.7,10182490,40.12,40.12,39.25
2019/10/1,40.25,9471078,41.32,41.5654,40.0304
2019/9/30,41.2,8116140,41.46,41.48,40.815
2019/9/27,41.35,11941100,42.5,42.67,40.61
2019/9/26,42.44,5996251,42.38,42.49,41.72
2019/9/25,42.5,9829286,41.51,42.78,41.18
2019/9/24,41.42,16367770,43.71,43.75,41.06
2019/9/23,43.38,10022210,43.29,44.09,42.85
2019/9/20,43.23,19430880,43.16,43.84,42.94
2019/9/19,42.93,7420515,43.19,43.58,42.68
2019/9/18,43.24,7866682,43.21,43.41,42.39
2019/9/17,43.24,8702119,42.9,43.59,42.88
2019/9/16,42.76,6187891,42.4,43.07,42.19
2019/9/13,42.63,8059593,43.15,43.2,42.33
2019/9/12,43.2,8251661,43.76,44.11,43.11
2019/9/11,43.25,7861181,43.55,43.78,43.05
2019/9/10,43.25,14040140,43.9,43.95,42.51
2019/9/9,44.26,14547400,45.6,45.855,43.84
2019/9/6,45.42,13108530,45.22,45.68,44.56
2019/9/5,45.3,19355980,43.78,45.33,43.62
2019/9/4,43.36,11590140,42.49,43.4,42.11
2019/9/3,41.96,16176350,42.38,43.77,41.64
2019/8/30,42.65,8866979,42.7,42.7,41.9
2019/8/29,42.49,10605570,42.25,42.6531,41.82
2019/8/28,41.68,10430500,41.75,42.195,41.3
2019/8/27,42.14,16104780,42.01,42.69,41.53
2019/8/26,41.44,6404899,41.4,41.48,41
2019/8/23,41,14070410,41.82,42.69,40.81
2019/8/22,42.18,8283589,42.85,43.08,41.59
2019/8/21,42.8,12025060,42.83,43.28,42.36
2019/8/20,42.29,11356680,41.64,42.85,41.38
2019/8/19,41.7,10276540,41.1,41.88,41.05
2019/8/16,40.58,7998824,40.3,40.65,40.11
2019/8/15,40.09,12583110,40.9,41.05,39.775
2019/8/14,40.65,11638680,41.03,41.2499,40.39
2019/8/13,41.81,12567830,40.41,41.857,40.38
2019/8/12,40.48,6934621,41.1,41.48,40.3941
2019/8/9,41.53,11419630,41.78,41.97,40.94
2019/8/8,42.07,14684640,42.11,42.35,41.36
2019/8/7,41.73,15427590,40.51,41.9,40.33
2019/8/6,41.32,15077880,40.92,41.64,40.78
2019/8/5,40.37,23081000,41.58,42,39.615
2019/8/2,42.85,20617170,41.82,43.04,41.59
2019/8/1,42.08,22883640,42.54,43.48,41.7236
2019/7/31,42.31,29745350,41.08,43.24,41.01
2019/7/30,41,15670560,41.08,41.72,40.82
2019/7/29,41.5,21170550,41.5,42.22,40.9
2019/7/26,41.52,57527560,40.07,42.33,40
2019/7/25,38.12,21255430,39,39.23,37.91
2019/7/24,38.73,12488470,38,38.8,37.76
2019/7/23,37.9,10741460,37.87,38.02,36.82
2019/7/22,37.58,8415150,36.92,37.69,36.83
2019/7/19,36.77,10842400,37.96,38.09,36.73
2019/7/18,37.66,11125890,37.39,37.795,37
2019/7/17,37.7,7926602,37.86,38.23,37.56
2019/7/16,37.99,10979580,38.78,38.79,37.82
2019/7/15,38.68,12738670,38,38.97,37.9435
2019/7/12,37.84,8048674,37.37,37.9,37.17
2019/7/11,37.21,8549479,37.66,37.87,36.97
2019/7/10,37.47,11831810,37.9,38.03,36.88
2019/7/9,37.65,14217970,36.35,37.67,36.29
2019/7/8,36.45,8058474,36.04,36.64,35.87
2019/7/5,36.25,6084815,36,36.35,35.6
2019/7/3,36.02,5372634,36.29,36.39,35.94
2019/7/2,36.22,8398931,36.17,36.6,35.885
2019/7/1,36.08,14416770,35.5,36.25,35.224
2019/6/28,34.9,15505290,34.75,34.99,34.28
2019/6/27,34.75,12655890,35.44,35.64,34.61
2019/6/26,35.22,8744768,34.98,35.38,34.92
2019/6/25,34.72,11196390,35.52,35.73,34.57
2019/6/24,35.58,9216830,35.19,35.67,34.82
2019/6/21,35.02,12853620,35.5,35.75,34.99
2019/6/20,35.44,19676060,36.35,36.65,35.33
2019/6/19,36.29,12059710,36.63,36.68,35.81
2019/6/18,36.65,12705490,36.71,37.51,36.55
2019/6/17,36.44,7895968,36.26,36.68,36.11
2019/6/14,36.15,7791057,36.36,36.49,36.04
2019/6/13,36.34,21679420,37.04,37.04,35.76
2019/6/12,37.49,6795451,37.13,37.6169,37.05
2019/6/11,37.21,9528602,38.09,38.26,36.854
2019/6/10,37.64,10036390,38.35,38.64,37.62
2019/6/7,37.93,15399730,36.87,38.31,36.8
2019/6/6,36.59,8862950,36.26,36.75,35.96
2019/6/5,36.33,12798680,36.5,36.71,35.9543
2019/6/4,36.1,15357130,35.18,36.15,34.97
2019/6/3,34.43,22217080,36.45,36.9,34.04
2019/5/31,36.44,8556067,36.62,36.96,36.3
2019/5/30,37.14,7413128,37,37.2933,36.6
2019/5/29,36.85,12270330,37.02,37.4,36.5237
2019/5/28,37.29,11770270,37.41,38.04,37.23
2019/5/24,37.41,9303870,37.47,37.85,37.27
2019/5/23,37.19,18398790,38.15,38.29,36.8
2019/5/22,38.58,21105430,37.41,39.32,37.24
2019/5/21,37.47,8861388,37.47,37.86,37.33
2019/5/20,37.15,9411902,37.12,37.725,36.92
2019/5/17,37.5,9090265,37.83,38.125,37.47
2019/5/16,38.3,10104400,38.11,38.72,38.05
2019/5/15,37.9,11523060,36.67,38.14,36.6425
2019/5/14,36.93,11125110,37.04,37.52,36.6
2019/5/13,36.59,16829700,37.5,37.6434,36.37
2019/5/10,38.45,12258960,38.68,39.16,37.86
2019/5/9,38.79,10010670,38.11,39.02,37.8203
2019/5/8,38.58,9168440,38.45,39.15,38.33
2019/5/7,38.62,19283130,39.9,40.15,38.12
2019/5/6,40.23,14517360,39.69,40.44,39.45
2019/5/3,40.8,15577110,40.48,40.82,39.96
2019/5/2,39.95,13419120,39.24,39.9999,38.84
2019/5/1,39.29,14962560,40,40.07,39.26
2019/4/30,39.91,22884630,39.79,40.92,39.65
2019/4/29,39.78,19655080,38.63,39.97,38.63
2019/4/26,38.67,15262810,38.59,39.34,38.18
2019/4/25,38.48,26010310,39.26,40.13,38.19
2019/4/24,39.29,30229050,39.86,39.95,38.8
2019/4/23,39.77,104130400,36.93,40.535,36.91
2019/4/22,34.39,19627880,34.4,34.615,33.82
2019/4/18,34.4,9771737,34.67,34.86,34.32
2019/4/17,34.48,9015376,34.73,34.9,34.2
2019/4/16,34.46,9384037,34.84,34.99,34.23
2019/4/15,34.71,10240380,34.38,35.03,34.34
2019/4/12,34.37,12697920,34.67,34.83,34.11
2019/4/11,34.58,10968710,34.75,34.87,34.41
2019/4/10,34.75,11118990,35.26,35.27,34.5125
2019/4/9,35.14,13870810,34.84,35.39,34.8068
2019/4/8,34.86,10641690,34.79,35.06,34.51
2019/4/5,34.72,9537065,34.55,34.7999,34.37
2019/4/4,34.42,14334710,34.7,35.1353,33.9
2019/4/3,34.38,18023820,34,34.76,33.81
2019/4/2,33.75,11594190,33.44,33.89,33.23
2019/4/1,33.44,12395850,33.16,33.68,32.7
2019/3/29,32.88,13506040,33.1,33.24,32.47
2019/3/28,32.87,17733430,32.29,32.93,31.73
2019/3/27,32.28,13587160,32.93,33.4522,31.95
2019/3/26,33.06,17245310,32.98,33.86,32.92
2019/3/25,32.59,15240530,32.83,33.3,32.28
2019/3/22,33.02,27936910,32.5,34.21,32.34
2019/3/21,32.61,13320490,32.31,32.69,32.03
2019/3/20,32.57,22344670,31.24,32.65,31.16
2019/3/19,31.27,15521040,31.15,31.5,30.88
2019/3/18,31.08,11557170,31.25,31.58,30.84
2019/3/15,31.22,17361740,31.04,31.41,30.71
2019/3/14,31.03,11998040,31.28,31.55,30.94
2019/3/13,31.3,10077230,31.31,31.48,31.04
2019/3/12,31.16,11998360,31.15,31.41,30.885
2019/3/11,30.87,14281360,30.24,30.91,30.24
2019/3/8,30.04,11955310,29.64,30.21,29.41
2019/3/7,30.12,15766510,30.76,30.84,30.01
2019/3/6,30.8,10931200,30.94,31.339,30.585
2019/3/5,31.03,12998180,30.5,31.23,30.39
2019/3/4,30.5,15894860,30.78,31.26,30.065
2019/3/1,30.62,12318090,31.17,31.19,30.28
2019/2/28,30.78,14740480,30.25,30.79,30.01
2019/2/27,30.41,24590070,30.95,31,29.9
2019/2/26,31.01,17490510,31.89,31.96,30.99
2019/2/25,31.99,14835110,31.99,32.71,31.88
2019/2/22,31.71,15376970,30.81,31.73,30.81
2019/2/21,30.76,13922730,31.36,31.48,30.6
2019/2/20,31.37,16839660,31.71,31.93,31.21
2019/2/19,31.65,14362110,31.23,32.11,31.15
2019/2/15,31.23,17567830,31.2,31.8,30.97
2019/2/14,30.96,15285580,30.86,31.28,30.6
2019/2/13,31.12,29334890,30.57,31.84,30.55
2019/2/12,30.39,20225210,30.44,30.8,30.23
2019/2/11,30.23,28810000,30.17,30.44,29.6598
2019/2/8,30.01,40635190,30.47,30.74,29.42
2019/2/7,30.8,69631040,31.17,31.73,30.31
2019/2/6,34.16,33399890,35.05,35.25,33.75
2019/2/5,34.37,17511500,34.29,34.57,33.92
2019/2/4,33.94,14209190,33.34,34.18,33.24
2019/2/1,33.19,18798250,33.56,34.09,32.96
2019/1/31,33.56,21171060,33.07,33.69,32.79
2019/1/30,32.26,17010160,32.04,32.38,31.42
2019/1/29,31.64,18818950,33.33,33.55,31.46
2019/1/28,33.13,21665470,32.65,33.2,32.12
2019/1/25,32.9,22512750,31.99,33.62,31.98
2019/1/24,31.61,12461320,30.94,31.73,30.91
2019/1/23,30.97,21067810,32.26,32.45,30.72
2019/1/22,32.25,17257130,32.97,33.35,31.925
2019/1/18,33.27,16757730,33.05,33.89,32.77
2019/1/17,32.85,11733010,32.47,33.085,32.39
2019/1/16,32.47,10091930,33.1,33.3,32.44
2019/1/15,33.02,13485040,32.51,33.35,32.45
2019/1/14,32.37,9507037,32.38,32.75,32.12
2019/1/11,32.87,17721130,32.85,33.2,32.43
2019/1/10,33.09,30381240,33.08,33.5,32.26
2019/1/9,32.25,14533050,31.8,32.4,31.54
2019/1/8,31.8,16708400,31.7,32.05,30.91
2019/1/7,31.34,19885220,30.2,31.38,29.768
2019/1/4,29.95,23265250,28.39,30.1,28.31
2019/1/3,27.99,19058190,28.38,29.18,27.94
2019/1/2,28.81,15013080,28.26,28.987,27.87
2018/12/31,28.74,15834880,28.6,29.13,28.34
2018/12/28,28.43,21813380,28.93,29.14,27.84
2018/12/27,28.68,31941680,28.14,28.92,27.26
2018/12/26,28.66,35433940,27,28.7,26.8
2018/12/24,26.45,18208310,26.55,27.27,26.26
2018/12/21,27.31,38641820,29.31,29.76,27.04
2018/12/20,29.29,51934420,32.59,32.72,28.51
2018/12/19,32.93,24772700,33.71,34.7,32.66
2018/12/18,33.74,18608720,33.63,34.17,33.08
2018/12/17,33.43,23707400,35.68,35.7,33.2
2018/12/14,35.87,19523150,35.25,36.62,35.05
2018/12/13,35.89,22806360,36.4,36.49,35.3
2018/12/12,36.25,32540050,34.97,37.135,34.85
2018/12/11,34.45,30074610,34.13,35.75,33.88
2018/12/10,33.43,19960930,32.73,33.64,32.255
2018/12/7,32.83,29448580,32.84,34.37,32.675
2018/12/6,32.96,25712700,32.46,32.97,31.11
2018/12/4,32.56,22400860,33.28,34.16,32.5
2018/12/3,33.66,23822980,32.24,33.85,32.21
2018/11/30,31.45,25827270,31.15,31.55,30.11
2018/11/29,31.3,49903500,32.46,32.54,29.87
2018/11/28,32.73,18854060,33,33,31.72
2018/11/27,32.61,10719390,32.44,33.1,32.36
2018/11/26,32.82,16833340,31.597,32.87,31.52
2018/11/23,31.12,5813907,31.3,31.96,31.11
2018/11/21,31.61,16462160,31.67,32.08,31.1
2018/11/20,31.06,20882950,29.97,31.735,29.94
2018/11/19,31.98,15720270,33.56,33.6,31.84
2018/11/16,33.67,17856170,32.83,33.92,32.6
2018/11/15,33.15,16803360,32.79,33.36,32.62
2018/11/14,32.91,18738410,32.89,33.85,32.75
2018/11/13,32.49,17147590,32.24,32.85,31.47
2018/11/12,32.01,18121150,34,34.105,31.78
2018/11/9,34.08,16026030,33.75,34.42,33.39
2018/11/8,34.18,14077470,34.88,34.99,33.87
2018/11/7,34.99,16147360,34.75,35.12,34.38
2018/11/6,34.42,15268650,33.96,34.8123,33.84
2018/11/5,34.02,17978260,34.26,34.28,33.37
2018/11/2,34.3,23982300,34.87,35.35,33.85
2018/11/1,34.62,25284280,34.6,34.91,33.82
2018/10/31,34.75,33038010,34.37,35.6373,34.35
2018/10/30,33.86,43142530,31.77,34.55,31.3
2018/10/29,32.39,40643380,32.46,33.75,31.62
2018/10/26,32.36,47695030,31.2,33.1353,30.94
2018/10/25,31.8,78927630,31.32,33.67,30.76
2018/10/24,27.54,33113320,28.85,29.77,27.305
2018/10/23,28.77,26199860,28.48,29.02,28.07
2018/10/22,29.18,21713100,29.05,29.28,28.31
2018/10/19,28.83,20084520,29.33,29.79,28.68
2018/10/18,29.29,24150710,29.4,30.24,28.975
2018/10/17,29.55,19352810,29.95,30.14,28.96
2018/10/16,29.87,18388250,29.1,29.89,28.84
2018/10/15,28.61,20213280,27.85,29.05,27.59
2018/10/12,27.99,27057240,28.09,28.17,27.26
2018/10/11,27,33035210,26.351,27.58,26.19
2018/10/10,26.79,40292090,29.12,29.12,26.7614
2018/10/9,29.27,22745360,28.7,29.565,28.34
2018/10/8,28.45,22105150,28.21,28.939,27.72
2018/10/5,28.39,28976290,28.34,28.96,27.97
2018/10/4,28.23,21103040,28.75,28.76,27.87
2018/10/3,29.01,19339930,28.38,29.12,28.25
2018/10/2,28.19,17710100,28.14,28.62,27.91
2018/10/1,28.31,20500780,28.51,28.7,28
2018/9/28,28.46,22707810,29.25,29.28,28.41
2018/9/27,29.42,14810960,29.06,29.69,28.88
2018/9/26,29.01,12722360,29.2,29.45,28.8
2018/9/25,29.11,16067190,28.75,29.24,28.44
2018/9/24,28.6,20183030,28.33,29.115,27.93
2018/9/21,28.5,43095250,29.86,29.95,28.49
2018/9/20,29.85,15373460,29.7,30.02,29.24
2018/9/19,29.52,16017860,29.15,29.56,28.82
2018/9/18,29.22,15838930,28.84,29.63,28.75
2018/9/17,28.86,30528780,29.05,29.28,28.43
2018/9/14,30.12,13439230,30.45,30.77,30.06
2018/9/13,30.39,18498220,30.1,30.57,29.86
2018/9/12,29.75,29802060,30.61,30.83,29.25
2018/9/11,30.89,15957930,30.44,31.44,30.35
2018/9/10,30.54,17772230,30.5,30.6,29.9531
2018/9/7,30.49,31433480,30.31,31.39,29.82
2018/9/6,30.81,35978980,32.86,32.95,30.62
2018/9/5,32.73,35988120,34.65,34.7,32.51
2018/9/4,34.84,13537310,34.75,35.125,34.48
2018/8/31,35.18,19050420,35.57,35.7201,34.59
2018/8/30,35.64,19199030,35.27,36.149,35.21
2018/8/29,35.35,17695410,35.41,35.6,34.81
2018/8/28,35.49,22235080,35.98,36.04,34.89
2018/8/27,35.89,28243850,34.66,36,34.48
2018/8/24,34.28,15187310,34,34.49,33.9279
2018/8/23,33.88,25719640,33.9,34.74,33.72
2018/8/22,33.81,18521270,33.45,34.17,33.35
2018/8/21,33.69,29260400,32.75,34.14,32.6
2018/8/20,32.6,16501100,32.79,32.94,32.2
2018/8/17,32.73,14862530,32.74,33.09,32.34
2018/8/16,32.83,20834210,32.7,33.15,32.415
2018/8/15,32.38,26386910,32.81,33.23,31.951
2018/8/14,33.19,26341540,33.4,33.43,32.515
2018/8/13,32.8,44070060,32.04,33.62,32.02
2018/8/10,32.01,16056230,31.65,32.25,31.47
2018/8/9,31.96,17606820,31.85,32.38,31.61
2018/8/8,31.84,22458600,32.75,32.78,31.81
2018/8/7,32.67,24569840,33.1,33.61,32.55
2018/8/6,32.98,27485400,31.82,33.04,31.45
2018/8/3,31.96,26220780,32.58,32.99,31.8
2018/8/2,32.82,26846250,31.58,32.87,31.34
2018/8/1,31.91,33181860,32.25,32.59,31.46
2018/7/31,31.87,64248300,31.95,32.48,31.07
2018/7/30,31.38,77530640,34.17,34.26,31.07
2018/7/27,34.12,122714400,37.25,37.47,33.9
2018/7/26,42.94,27627700,42.87,43.41,42.14
2018/7/25,44.22,24932080,42.35,44.39,42.35
2018/7/24,42.17,22403190,43.77,43.8,41.59
2018/7/23,43.31,15139550,43.45,43.85,42.4
2018/7/20,43.42,10433000,43.5,44.13,43.23
2018/7/19,43.44,13255130,43.27,43.87,43.11
2018/7/18,43.34,26494890,44.19,44.75,42.74
2018/7/17,44.71,18135040,43.59,45.26,43.15
2018/7/16,44.26,12936760,44.3,44.73,43.91
2018/7/13,44.49,16414440,45.28,45.32,43.93
2018/7/12,45.26,26966280,44.8,45.34,44.36
2018/7/11,43.87,35043250,42.63,44.1,42.22
2018/7/10,43.75,38268380,44.2,45.26,43.63
2018/7/9,44.14,107298100,46.74,46.9,42.08
2018/7/6,46.65,23700210,44.91,46.75,44.61
2018/7/5,45.06,16131730,44.07,45.11,43.55
2018/7/3,43.89,14237480,45.36,45.48,43.8
2018/7/2,44.98,16665570,43.06,45,42.75
2018/6/29,43.67,24373670,45.05,45.2,43.56
2018/6/28,44.79,18892970,43.65,44.84,42.49
2018/6/27,43.7,25834530,45.5,46.22,43.68
2018/6/26,44.84,20165410,44.36,45.32,43.51
2018/6/25,44.17,31326590,45.47,45.52,43.325
2018/6/22,45.88,31076330,45.58,46.01,44.5
2018/6/21,45.24,32158090,46.36,46.87,44.2
2018/6/20,46.13,31187440,45.56,46.92,45.4401
2018/6/19,44.95,39205270,45.19,45.71,43.57
2018/6/18,46,25927580,45.335,46.2564,44.5
2018/6/15,45.8,51368130,46.62,47.79,45.64
2018/6/14,46.76,50818930,44.55,46.8,44.5
2018/6/13,44.07,35111950,44.24,44.55,43.4199
2018/6/12,43.49,50866610,42.47,44.33,42.41
2018/6/11,41.42,24542900,41.42,41.69,40.66
2018/6/8,41.21,34219060,39.49,41.26,39.42
2018/6/7,39.7,41394940,40.14,40.16,38.64
2018/6/6,40.1,147568800,39.42,40.23,39.21
2018/6/5,39.8,66050920,39.53,40.16,39.19
2018/6/4,37.88,31612240,36.45,37.98,35.95
2018/6/1,36.65,29513480,35.14,36.69,35.09
2018/5/31,34.7,14384330,34.39,34.97,34.25
2018/5/30,34.36,14569630,34.2,34.655,34.08
2018/5/29,34.04,22074440,33.42,34.83,33.35
2018/5/25,33.63,10393150,33.54,33.99,33.31
2018/5/24,33.52,14478980,33.44,33.755,33.12
2018/5/23,33.42,13421520,32.7,33.43,32.6
2018/5/22,32.86,14963750,33.78,33.81,32.83
2018/5/21,33.63,21293480,33.02,34.025,32.9
2018/5/18,32.63,10596940,32.55,32.97,32.2108
2018/5/17,32.58,10720510,32.78,33.015,32.281
2018/5/16,32.77,10833230,32.75,33.2166,32.67
2018/5/15,32.75,15752460,33.17,33.17,32.36
2018/5/14,33.39,17989270,33.07,33.58,32.93
2018/5/11,32.75,14459130,32.94,33.1,32.2501
2018/5/10,32.87,20677330,32.71,33.78,32.58
2018/5/9,32.46,20676100,32.07,32.79,31.94
2018/5/8,31.85,19557810,31.2,32.0899,31.03
2018/5/7,31.33,18490880,31.06,31.84,30.88
2018/5/4,31.04,21014240,30.22,31.36,29.85
2018/5/3,30.67,19748180,30.21,31.02,29.97
2018/5/2,30.55,22468300,30,31.2199,29.95
2018/5/1,30.3,30536510,30.21,31.06,29.6
2018/4/30,30.31,41581500,28.62,30.7457,28.43
2018/4/27,29,37371070,30.17,30.32,28.59
2018/4/26,30.27,43698300,30.35,31.42,30.12
2018/4/25,29.75,92763280,31.35,32,28.14
2018/4/24,30.47,40992160,31.18,31.64,29.63
2018/4/23,31.22,29323210,32.51,32.62,30.85
2018/4/20,31.91,34782560,32.65,33.12,31.65
2018/4/19,31.54,22628420,31.37,32.28,30.96
2018/4/18,31.54,25092800,31.67,32.0599,31.07
2018/4/17,31.84,46587210,29.45,32.0568,29.43
2018/4/16,28.58,11489940,28.85,28.95,28.36
2018/4/13,28.76,12688700,29.24,29.46,28.43
2018/4/12,29,17284790,29.89,29.9,28.78
2018/4/11,29.39,25266040,29.46,29.83,28.73
2018/4/10,29.53,28752270,28.36,30.3,28.28
2018/4/9,28.01,13937830,28.1,28.79,28
2018/4/6,28.1,15280170,28.28,29.0595,27.97
2018/4/5,28.64,24284070,28.51,29.33,28.1
2018/4/4,28.25,21956470,26.85,28.34,26.6
2018/4/3,27.54,26006760,28.36,28.87,27.22
2018/4/2,28.04,24329410,28.37,28.77,27.75
2018/3/29,29.01,36738820,28.76,29.33,27.9
2018/3/28,28.45,47819980,27.78,29.11,27.39
2018/3/27,28.07,80170100,31.85,31.9,27.88
2018/3/26,31.91,25507460,31.69,32.47,30.7
2018/3/23,31.03,24822110,31.26,32,30.7907
2018/3/22,31.2,29396150,31.77,32.13,31.175
2018/3/21,32.73,43487480,32.19,33.15,32.05
2018/3/20,31.35,82342750,34.92,34.95,30.61
2018/3/19,34.98,22147210,35.13,35.74,34.41
2018/3/16,35.58,13813800,36,36.2,35.52
2018/3/15,35.8,20954030,36.41,36.48,35.4
2018/3/14,36.6,41561040,34.3,36.8,34.09
2018/3/13,34.11,22008930,35.4,35.53,33.9
2018/3/12,35.5,21065740,35.53,35.73,34.83
2018/3/9,35.35,19113020,35.2,35.5,34.9367
2018/3/8,34.85,24783840,35.42,35.84,34.68
2018/3/7,35.76,33594990,33.99,35.82,33.99
2018/3/6,34.43,22494130,34.58,34.95,33.86
2018/3/5,34.58,34826690,32.9,34.95,32.58
2018/3/2,33,24882840,31.93,33.03,31.49
2018/3/1,32.24,25003880,31.95,32.56,31.26
2018/2/28,31.86,24141190,31.5,32.85,31.47
2018/2/27,31.32,16524560,31.91,32.21,31.26
2018/2/26,32.16,15751780,32.7,32.7,31.96
2018/2/23,32.66,17270870,32.2,32.69,31.97
2018/2/22,32.11,29143910,33.43,33.45,31.63
2018/2/21,33.38,29542190,33.03,34.055,32.6472
2018/2/20,32.84,22728870,32.88,33.57,32.68
2018/2/16,33.06,27866430,33.37,33.5,32.68
2018/2/15,33.61,31938560,34.03,34.38,33.0599
2018/2/14,33.75,39287330,32.85,33.98,32.55
2018/2/13,33.44,57038110,30.67,33.65,30.64
2018/2/12,30.95,36946940,31.44,31.9,30.8631
2018/2/9,31.51,67076270,30.37,31.805,29.68
2018/2/8,30.18,162088200,34.15,35,29.71
2018/2/7,26.91,48714940,25.83,27.08,25.76
2018/2/6,25.24,26563810,24.59,25.58,24.2
2018/2/5,25.13,33850310,25.37,26.64,24.1
2018/2/2,25.92,32459880,26.56,27.0301,25.7
2018/2/1,27.14,47493080,25.52,27.33,25.44
2018/1/31,25.81,40279380,25.61,26.65,25.14
2018/1/30,25.62,52348440,24.83,26.4,24.55
2018/1/29,25.18,52278250,24.4,25.55,24.1
2018/1/26,24.27,49493210,22.39,24.35,22.3
2018/1/25,22.16,15487810,22.5,22.68,22.04
2018/1/24,22.37,23169560,22.84,23.05,22.1
2018/1/23,22.75,35239990,22.51,23.1691,22.41
2018/1/22,23.32,22946520,23.17,23.5,22.86
2018/1/19,23.66,17005350,24.12,24.22,23.5
2018/1/18,24.04,21102380,24.5,24.52,23.72
2018/1/17,24.56,17012530,24.84,24.95,24.22
2018/1/16,24.66,32302790,25.58,25.7089,24.51
2018/1/12,25.41,37017960,24.94,25.85,24.93
2018/1/11,24.35,11640110,24.3,24.37,23.9
2018/1/10,24.25,10412600,24,24.42,23.76
2018/1/9,24.17,12569220,24.63,24.71,24.07
2018/1/8,24.59,17816890,24.37,24.78,23.88
2018/1/5,24.32,14940300,24.07,24.57,23.88
2018/1/4,23.99,17638700,24.5,24.59,23.685
2018/1/3,24.45,12812200,24.56,24.68,24.07
2018/1/2,24.51,15292650,24.07,24.57,23.85
2017/12/29,24.01,10381720,24.27,24.33,23.91
2017/12/28,24.31,9763648,24.25,24.6,24.17
2017/12/27,24.23,9099373,24.26,24.54,24.07
2017/12/26,24.26,10111480,24.26,24.57,24.13
2017/12/22,24.46,16091370,25.03,25.27,24.38
2017/12/21,25.05,19349660,25.06,25.56,24.7
2017/12/20,25.2,20656850,25.44,25.44,24.69
2017/12/19,25.08,46020830,24.61,25.49,23.92
2017/12/18,24.68,48809010,23.23,24.74,23.13
2017/12/15,22.23,17905240,22.61,22.86,22.185
2017/12/14,22.58,34009160,21.79,23.24,21.62
2017/12/13,21.66,17005320,21.77,21.98,21.52
2017/12/12,21.65,14284530,22.01,22.25,21.625
2017/12/11,22.05,17229250,21.1,22.2,21.1
2017/12/8,21.1,14866470,21.15,21.4,20.95
2017/12/7,21.01,11847920,21.12,21.45,20.97
2017/12/6,21.09,14012660,20.52,21.4,20.4
2017/12/5,20.77,10638080,20.3,20.93,20.3
2017/12/4,20.4,11631700,20.85,20.94,20.225
2017/12/1,20.71,15241280,20.52,20.98,20.12
2017/11/30,20.58,14662000,21.01,21.12,20.51
2017/11/29,20.79,23624220,21.82,22.11,20.52
2017/11/28,21.83,13839160,21.85,22.15,21.56
2017/11/27,21.82,19659620,22.36,22.4,21.7
2017/11/24,22.42,7584013,22.4,22.48,22.17
2017/11/22,22.27,21151540,21.9,22.4,21.8
2017/11/21,21.88,18293430,21.2,21.91,21.15
2017/11/20,21.13,16793770,20.78,21.26,20.7
2017/11/17,20.76,12823630,20.26,20.79,20.25
2017/11/16,20.36,12960070,20.06,20.49,19.985
2017/11/15,19.91,11187180,19.82,20.33,19.73
2017/11/14,20.05,11915240,20.17,20.445,19.88
2017/11/13,20.17,11803440,20.16,20.305,19.93
2017/11/10,20.32,16284530,19.79,20.58,19.74
2017/11/9,19.9,20253330,19.4,20.24,19.36
2017/11/8,19.59,16282040,19.7,19.98,19.37
2017/11/7,19.66,22199750,19.55,20.18,19.51
2017/11/6,19.39,25503740,19.78,19.85,19.26
2017/11/3,19.9,22246890,19.87,20.24,19.52
2017/11/2,19.71,24444630,20.5,20.63,19.64
2017/11/1,20.61,18813390,20.74,20.99,20.4
2017/10/31,20.62,28033140,21.26,21.56,20.46
2017/10/30,21.25,34005930,21.4,21.775,21.06
2017/10/27,21.68,63567700,20.18,21.96,20.15
2017/10/26,20.31,112182900,19.22,20.63,18.9
2017/10/25,17.14,19728370,17.2,17.41,17.03
2017/10/24,17.25,12512540,17.5,17.6,17.23
2017/10/23,17.37,13990780,17.94,17.955,17.34
2017/10/20,17.87,7255646,17.98,18.06,17.83
2017/10/19,17.89,9278923,17.84,17.95,17.65
2017/10/18,18.02,7756431,18.23,18.35,17.97
2017/10/17,18.28,8932315,18.31,18.465,18.11
2017/10/16,18.33,12999190,18.59,18.61,18.23
2017/10/13,18.63,15799540,18.45,18.79,18.35
2017/10/12,18.45,30675930,17.77,18.66,17.73
2017/10/11,17.73,9978057,17.47,17.78,17.43
2017/10/10,17.41,10175440,17.77,17.93,17.39
2017/10/9,17.67,8812168,17.82,18.05,17.65
2017/10/6,17.85,16413590,18.03,18.13,17.66
2017/10/5,18.25,21238240,17.8,18.29,17.74
2017/10/4,17.75,17342140,17.82,17.82,17.5
2017/10/3,17.59,12864200,17.13,17.63,17.12
2017/10/2,17.09,8458920,16.8,17.15,16.78
2017/9/29,16.87,9355869,16.89,17.04,16.75
2017/9/28,16.85,7026524,16.87,16.93,16.75
2017/9/27,16.95,9065760,16.9,17.05,16.755
2017/9/26,16.59,12881380,17.03,17.16,16.57
2017/9/25,16.98,13231860,17.6,17.72,16.82
2017/9/22,17.61,5546971,17.49,17.6275,17.42
2017/9/21,17.58,6951425,17.6,17.65,17.35
2017/9/20,17.62,7719507,17.8,17.84,17.51
2017/9/19,17.76,7063501,17.66,17.8,17.48
2017/9/18,17.6,14701160,18.01,18.09,17.47
2017/9/15,18.01,12623880,18.25,18.395,17.95
2017/9/14,18.21,9292295,18.15,18.27,17.94
2017/9/13,18.2,13677560,18.15,18.49,18.09
2017/9/12,18.17,19781630,17.7,18.29,17.7
2017/9/11,17.66,13947370,17.47,17.78,17.27
2017/9/8,17.45,11593580,17.19,17.46,17.08
2017/9/7,17.22,14656390,16.85,17.41,16.8301
2017/9/6,16.83,12331140,16.65,17.05,16.5162
2017/9/5,16.65,10465840,16.82,16.9,16.44
2017/9/1,16.86,8482442,16.97,17,16.58
2017/8/31,16.91,7840275,16.99,17.1,16.88
2017/8/30,16.93,6621762,16.92,17.04,16.8
2017/8/29,16.93,11409160,16.61,17.055,16.6
2017/8/28,16.77,7750164,16.61,16.88,16.61
2017/8/25,16.65,11488460,16.65,16.82,16.51
2017/8/24,16.89,10335860,17.07,17.07,16.78
2017/8/23,16.96,15148430,16.46,17.05,16.44
2017/8/22,16.63,11043620,16.14,16.65,16.14
2017/8/21,16.11,12064920,16,16.2534,15.9301
2017/8/18,15.99,7804163,15.85,16.07,15.77
2017/8/17,15.87,9155222,16.15,16.29,15.86
2017/8/16,16.16,15919500,15.97,16.36,15.96
2017/8/15,15.95,5937985,16.12,16.22,15.93
2017/8/14,16.09,9880843,16.15,16.28,16.01
2017/8/11,15.92,8404839,15.67,16.06,15.67
2017/8/10,15.75,11801850,16.03,16.18,15.73
2017/8/9,16.14,7751119,16.04,16.16,15.96
2017/8/8,16.15,12112450,16.33,16.48,16.05
2017/8/7,16.4,9106930,16.38,16.42,16.24
2017/8/4,16.29,15033320,16.2,16.43,16.1299
2017/8/3,16.18,15090890,16.07,16.42,16.05
2017/8/2,16.07,13262760,16.21,16.29,15.945
2017/8/1,16.21,21612280,16.2,16.32,15.91
2017/7/31,16.09,35900030,16.6,16.62,16
2017/7/28,16.75,26199610,16.66,17.2,16.52
2017/7/27,16.84,86496560,17.36,17.6,16.5
2017/7/26,19.61,24150520,20,20.02,19.27
2017/7/25,19.97,13564320,19.98,20.185,19.69
2017/7/24,20,17173430,20.28,20.62,19.82
2017/7/21,20.11,15277240,20.35,20.36,20
2017/7/20,20.53,24505900,20.18,20.88,20.18
2017/7/19,20.12,13461290,20.03,20.21,19.83
2017/7/18,19.98,15517440,19.76,19.99,19.41
2017/7/17,19.94,24130510,19.8,20.2362,19.73
2017/7/14,19.64,20820920,19.35,19.97,19.33
2017/7/13,19.32,17504130,19.54,19.67,19.08
2017/7/12,19.25,29980370,18.92,19.54,18.91
2017/7/11,18.64,18087710,18.14,18.66,18.1
2017/7/10,18.08,8582204,18.05,18.15,17.775
2017/7/7,18.02,13422120,18,18.335,17.97
2017/7/6,17.92,18602500,17.65,18.58,17.63
2017/7/5,17.82,8809971,17.68,17.9569,17.42
2017/7/3,17.65,9040399,17.94,18.0073,17.41
2017/6/30,17.87,13405460,17.66,18.075,17.47
2017/6/29,17.65,18786810,17.93,17.936,17.23
2017/6/28,17.95,17366400,18.22,18.235,17.75
2017/6/27,18.12,14732280,18.43,18.6,18.12
2017/6/26,18.29,17403910,18.55,19.01,18.11
2017/6/23,18.5,24787630,18.15,18.63,18.15
2017/6/22,18.15,20696690,17.85,18.38,17.66
2017/6/21,17.78,23621980,17.11,18.04,17.11
2017/6/20,16.91,8506965,17.15,17.15,16.84
2017/6/19,17.06,11303960,16.77,17.08,16.75
2017/6/16,16.67,9926394,16.75,16.81,16.55
2017/6/15,16.83,11878840,16.53,16.89,16.46
2017/6/14,16.76,12639650,17.05,17.13,16.57
2017/6/13,16.97,13220590,17.12,17.22,16.76
2017/6/12,17.04,20490460,16.73,17.1867,16.27
2017/6/9,16.9,21264210,17.65,17.66,16.45
2017/6/8,17.59,10534750,17.44,17.61,17.27
2017/6/7,17.44,15841660,17.62,17.745,17.3
2017/6/6,17.57,22768020,18.1,18.15,17.47
2017/6/5,18.23,10553220,18.29,18.34,18.02
2017/6/2,18.31,9369977,18.53,18.58,18.22
2017/6/1,18.53,13166630,18.22,18.66,18.2
2017/5/31,18.32,17408760,18.48,18.6,18.08
2017/5/30,18.43,18187250,18.21,18.72,18.18
2017/5/26,18.23,10448930,17.99,18.3,17.95
2017/5/25,17.95,9550892,18.04,18.27,17.94
2017/5/24,17.98,15504270,18.1,18.34,17.83
2017/5/23,18.15,16821490,18.41,18.5133,17.98
2017/5/22,18.43,11347500,18.35,18.52,18.27
2017/5/19,18.35,16144480,18.68,18.9,18.27
2017/5/18,18.51,19874640,18.17,18.61,17.97
2017/5/17,18.28,30060120,18.988,19.25,18.22
2017/5/16,19.49,35619780,19.38,19.785,19.09
2017/5/15,19.23,22593160,18.69,19.3184,18.63
2017/5/12,18.61,21998000,18.45,19.05,18.34
2017/5/11,18.39,12439400,18.63,18.745,18.31
2017/5/10,18.54,9966286,18.37,18.56,18.25
2017/5/9,18.37,12488190,18.31,18.49,18.195
2017/5/8,18.31,18935740,18.68,18.68,18.16
2017/5/5,18.69,15037810,18.45,18.725,18.37
2017/5/4,18.48,24596260,18.6,18.89,18.36
2017/5/3,18.57,29730120,18.37,18.595,18.15
2017/5/2,18.24,64099470,17.57,18.53,17.35
2017/5/1,17.54,47382950,17.14,17.65,16.97
2017/4/28,16.48,26464050,16.5,16.79,16.43
2017/4/27,16.61,41094400,15.8,16.63,15.8
2017/4/26,15.82,79244990,15.9,16.48,15.76
2017/4/25,14.66,20422790,14.71,14.96,14.63
2017/4/24,14.71,12752740,14.7,14.82,14.56
2017/4/21,14.63,13785910,14.65,14.75,14.41
2017/4/20,14.65,9545010,14.58,14.75,14.51
2017/4/19,14.54,14258650,14.44,14.79,14.44
2017/4/18,14.44,9691113,14.37,14.56,14.27
2017/4/17,14.4,10363720,14.3,14.55,14.12
2017/4/13,14.3,10525680,14.49,14.5,14.22
2017/4/12,14.42,12906270,14.34,14.78,14.26
2017/4/11,14.31,7590104,14.3,14.4,14.2
2017/4/10,14.36,9983786,14.3,14.46,14.2
2017/4/7,14.29,8246373,14.36,14.43,14.25
2017/4/6,14.39,18054960,14.53,14.62,14.3
2017/4/5,14.53,13720070,14.61,14.815,14.41
2017/4/4,14.69,8920975,14.75,14.76,14.58
2017/4/3,14.84,11588170,14.97,14.98,14.65
2017/3/31,14.95,8377938,14.93,15.06,14.91
2017/3/30,14.92,8405873,15.05,15.08,14.9
2017/3/29,15.04,11065330,14.86,15.06,14.7
2017/3/28,14.94,14817670,15,15.17,14.8
2017/3/27,14.99,10442020,15.02,15.055,14.75
2017/3/24,15.14,15535650,15.06,15.37,15.03
2017/3/23,14.93,11588010,14.99,15.05,14.73
2017/3/22,14.98,21040530,14.5,14.99,14.32
2017/3/21,14.54,19068780,15.08,15.1,14.5
2017/3/20,15.09,12490220,15.11,15.11,14.82
2017/3/17,15.08,10985400,15.2,15.23,15.03
2017/3/16,15.19,11654250,15.08,15.28,15.04
2017/3/15,15.03,19343520,15.25,15.3,14.85
2017/3/14,15.32,15034220,15.2,15.58,15.15
2017/3/13,15.21,8716672,15.1,15.27,15.1
2017/3/10,15.12,13690220,15.23,15.27,14.94
2017/3/9,15.22,10952700,15.24,15.385,15.03
2017/3/8,15.24,12640490,15.19,15.36,15.08
2017/3/7,15.18,16672230,15.52,15.73,15.16
2017/3/6,15.56,11444560,15.75,15.78,15.5
2017/3/3,15.75,15179880,15.84,16.1,15.68
2017/3/2,15.79,12396110,15.77,16,15.72
2017/3/1,15.79,18150850,15.9,15.9,15.585
2017/2/28,15.77,10834170,16,16.04,15.74
2017/2/27,16.06,13634500,15.93,16.13,15.72
2017/2/24,15.98,9131252,15.95,15.985,15.85
2017/2/23,16.03,15282340,16.12,16.27,15.9
2017/2/22,16.08,13571130,16.4,16.5101,16.01
2017/2/21,16.42,15994330,16.64,16.69,16.3
2017/2/17,16.62,14369850,16.36,16.625,16.36
2017/2/16,16.35,21581000,16.69,16.79,16.32
2017/2/15,16.74,35157520,16.85,16.89,16.3
2017/2/14,16.52,34753570,15.92,16.6,15.85
2017/2/13,15.81,29081240,15.63,15.99,15.51
2017/2/10,15.58,72991600,15.96,16,15.5
2017/2/9,16.41,109153300,17.05,17.12,16.26
2017/2/8,18.72,37262650,18.77,18.77,18.045
2017/2/7,18.26,26750930,18,18.67,17.99
2017/2/6,17.93,13188700,17.7,17.97,17.41
2017/2/3,17.61,14376110,17.72,17.85,17.44
2017/2/2,17.78,19353850,17.33,17.86,17.12
2017/2/1,17.24,21112590,17.84,17.92,17.1
2017/1/31,17.62,25842410,16.95,17.74,16.91
2017/1/30,16.94,18255680,16.57,17.1,16.41
2017/1/27,16.57,11846530,16.91,16.97,16.53
2017/1/26,16.81,10075220,16.86,17.07,16.79
2017/1/25,16.73,10942900,16.7,16.79,16.59
2017/1/24,16.52,12722060,16.61,16.6579,16.33
2017/1/23,16.61,11780550,16.57,16.81,16.46
2017/1/20,16.58,14811540,16.82,16.9,16.46
2017/1/19,16.79,12706130,17.09,17.15,16.75
2017/1/18,17.11,12700840,17.01,17.14,16.83
2017/1/17,16.96,13122280,17.07,17.09,16.86
2017/1/13,17.25,11352890,17.38,17.66,17.23
2017/1/12,17.38,12372700,17.13,17.39,16.96
2017/1/11,17.3,10961010,17.46,17.6,17.17
2017/1/10,17.37,10458690,17.51,17.78,17.32
2017/1/9,17.5,11907790,17.22,17.555,17.19
2017/1/6,17.17,14651850,17.24,17.43,17.11
2017/1/5,17.09,17055740,16.91,17.27,16.8
2017/1/4,16.86,15852890,16.5,16.94,16.5
2017/1/3,16.44,11133650,16.31,16.45,16.21
2016/12/30,16.3,13998670,16.31,16.5701,16.22
2016/12/29,16.39,14675510,16.39,16.65,16.3
2016/12/28,16.39,13488480,16.63,16.7332,16.2914
2016/12/27,16.61,13014550,16.52,16.87,16.42
2016/12/23,16.5,18032850,16.34,16.6734,16.16
2016/12/22,16.41,27925100,16.82,16.89,16.27
2016/12/21,17.08,34378450,17.52,17.55,17.01
2016/12/20,17.92,16778990,18.23,18.3218,17.87
2016/12/19,18.24,12232330,18.6,18.7,18.22
2016/12/16,18.63,14198830,18.76,18.89,18.53
2016/12/15,18.79,11932830,18.94,19.15,18.71
2016/12/14,18.93,13415420,19.4,19.62,18.89
2016/12/13,19.37,15092590,18.97,19.59,18.94
2016/12/12,18.93,15573240,19.48,19.7,18.9
2016/12/9,19.65,15945930,19.56,19.84,19.3832
2016/12/8,19.64,19678430,19.5,19.71,19.08
2016/12/7,19.48,32109060,18.26,19.55,18.2
2016/12/6,18.23,14020230,18.31,18.5,18.1307
2016/12/5,18.23,12112400,17.96,18.36,17.87
2016/12/2,17.93,12178380,18,18.16,17.86
2016/12/1,18.03,19585590,18.82,18.83,17.735
2016/11/30,18.49,20563130,18.2,18.8,18.18
2016/11/29,18.19,13528340,18.22,18.6801,18.13
2016/11/28,18.3,19238400,18,18.3,17.85
2016/11/25,18.06,7862681,18.27,18.31,18.03
2016/11/23,18.22,16975080,18.45,18.59,18.08
2016/11/22,18.63,10685140,18.66,18.87,18.51
2016/11/21,18.6,13048550,18.72,18.91,18.59
2016/11/18,18.73,12488060,18.73,18.91,18.64
2016/11/17,18.55,16233820,18.7,18.9601,18.53
2016/11/16,18.63,14980890,18.98,19.151,18.59
2016/11/15,18.98,19510530,19.15,19.51,18.91
2016/11/14,19.14,23079110,18.75,19.2,18.5
2016/11/11,18.55,15344410,18.35,18.729,18.07
2016/11/10,18.37,31048940,19.04,19.3,18.03
2016/11/9,19.13,33941230,17.96,19.235,17.91
2016/11/8,18.38,19943260,18.22,18.56,17.77
2016/11/7,18.41,25981070,18.11,18.69,18.11
2016/11/4,18.02,30970110,17.52,18.34,17.5
2016/11/3,17.58,17031510,17.55,17.8599,17.26
2016/11/2,17.61,20841150,17.43,17.95,17.38
2016/11/1,17.49,22601440,17.84,18,17.261
2016/10/31,17.95,19506610,17.65,18.04,17.64
2016/10/28,17.66,29314890,17.7,18,17.5
2016/10/27,17.4,63633740,18,18.12,17.07
2016/10/26,17.29,35062280,17.58,17.66,17.17
2016/10/25,17.26,30662410,17.82,17.84,17.15
2016/10/24,18.03,41720100,17.6,18.37,17.49
2016/10/21,18.09,58349470,16.95,18.35,16.74
2016/10/20,16.9,15079340,17.04,17.07,16.82
2016/10/19,17.07,17362650,16.94,17.26,16.88
2016/10/18,16.83,18419970,16.86,17.13,16.79
2016/10/17,16.73,25758280,16.76,16.9793,16.43
2016/10/14,16.88,73566060,17.88,18.05,16.28
2016/10/13,17.79,18628990,17.86,17.99,17.67
2016/10/12,18.05,23493720,18.19,18.19,17.81
2016/10/11,18,49043590,18.18,18.2,17.65
2016/10/10,17.56,105649300,17.49,18.24,16.93
2016/10/7,19.85,38626230,19.95,20.53,19.645
2016/10/6,19.87,109130200,20.46,21,19.6
2016/10/5,24.87,61746090,24.32,25.25,24.13
2016/10/4,23.52,21518540,23.75,23.79,23.34
2016/10/3,24,37479890,23.78,24.25,23.455
2016/9/30,23.05,16853040,23.02,23.25,22.82
2016/9/29,23.01,26394350,22.92,23.36,22.86
2016/9/28,22.96,44398000,23.42,23.63,22.44
2016/9/27,23.72,65365590,23.21,23.98,22.9
2016/9/26,23.37,95248720,21.79,23.57,21.65
2016/9/23,22.62,191954800,21.5,22.89,21.11
2016/9/22,18.63,15795400,18.52,18.92,18.44
2016/9/21,18.49,16182930,18.44,18.5,18.13
2016/9/20,18.39,15739680,18.3,18.64,18.23
2016/9/19,18.36,23235470,19.22,19.24,18.28
2016/9/16,19.11,40212130,18.9,19.25,18.74
2016/9/15,18.3,14479610,18.3,18.42,18.06
2016/9/14,18.08,16088860,17.93,18.39,17.9
2016/9/13,17.76,15874310,17.99,18.1,17.52
2016/9/12,18.15,18277860,17.96,18.24,17.68
2016/9/9,18.11,30834200,18.4,18.82,17.92
2016/9/8,18.7,45050320,18.81,19.31,18.59
2016/9/7,19.87,26361940,20.05,20.65,19.795
2016/9/6,19.93,24139030,19.74,20.14,19.4775
2016/9/2,19.55,19858750,19.62,19.87,19.35
2016/9/1,19.5,39739520,19.37,20.14,19.27
2016/8/31,19.21,34179120,18.39,19.6,18.38
2016/8/30,18.38,8893343,18.59,18.69,18.32
2016/8/29,18.47,11406520,18.39,18.55,18.3
2016/8/26,18.3,11213250,18.4,18.53,18.1
2016/8/25,18.32,13255510,18.33,18.65,18.23
2016/8/24,18.25,16752680,18.8,18.97,18.2
2016/8/23,18.69,14073480,18.65,18.93,18.65
2016/8/22,18.55,17488010,18.95,18.96,18.52
2016/8/19,18.98,16995780,18.96,19.31,18.76
2016/8/18,19,47512680,19.56,19.6,18.92
2016/8/17,20.17,22754650,20.43,20.44,19.9
2016/8/16,20.4,23482730,20.78,20.79,20.29
2016/8/15,20.86,58747770,19.85,21.1,19.83
2016/8/12,19.54,28375480,19.71,19.71,19.01
2016/8/11,19.78,30891100,19.17,19.83,19.1138
2016/8/10,19.04,28568210,18.67,19.57,18.56
2016/8/9,18.68,19257890,18.17,18.79,17.971
2016/8/8,18.2,15477700,18.25,18.48,17.935
2016/8/5,18.26,22779150,18.19,18.58,18.14
2016/8/4,18.13,33088860,17.57,18.31,17.36
2016/8/3,17.61,55540080,16.34,17.88,16.33
2016/8/2,16.42,16544990,16.61,16.7,16.2
2016/8/1,16.64,26022790,16.65,16.85,16.4
2016/7/29,16.64,25980920,16.39,16.74,16.24
2016/7/28,16.31,31421100,15.89,16.34,15.88
2016/7/27,15.77,83048520,16.34,16.59,15.69
2016/7/26,18.45,42891160,18.52,18.65,18.164
2016/7/25,18.65,21407700,18.43,18.7,18.17
2016/7/22,18.37,19614010,18.12,18.3893,17.76
2016/7/21,18.39,13922400,18.57,18.8,18.35
2016/7/20,18.56,15020560,18.52,18.76,18.45
2016/7/19,18.33,27264650,18.51,18.895,18.27
2016/7/18,18.65,29697580,18.29,18.75,18.05
2016/7/15,18.08,17361120,17.98,18.18,17.81
2016/7/14,17.96,19546700,18.02,18.28,17.911
2016/7/13,17.74,17913130,18.21,18.32,17.5
2016/7/12,18.1,23773880,17.98,18.38,17.92
2016/7/11,17.71,24027270,17.59,17.88,17.52
2016/7/8,18.08,24845960,17.53,18.1649,17.47
2016/7/7,17.37,13438130,17.24,17.675,17.24
2016/7/6,17.2,15656560,17.02,17.34,16.81
2016/7/5,17.14,15699640,17.25,17.28,16.76
2016/7/1,17.28,20712950,16.93,17.5,16.9
2016/6/30,16.91,14096440,16.8,17,16.73
2016/6/29,16.83,18206930,16.6,17.01,16.43
2016/6/28,16.42,18660550,16.24,16.64,16.16
2016/6/27,15.84,23505610,16.29,16.4,15.46
2016/6/24,16.44,31502120,16.24,16.9,16.2
2016/6/23,17.04,25181790,16.3,17.07,16.28
2016/6/22,16.13,13719890,16.27,16.32,16.045
2016/6/21,16.32,14997090,16.48,16.56,16.17
2016/6/20,16.34,22836110,16.34,16.64,16.15
2016/6/17,16.1,32207520,16.16,16.3689,15.96
2016/6/16,15.87,23597620,15.9,15.95,15.4
2016/6/15,15.96,53448310,15.71,16.44,15.71
2016/6/14,15.36,37268890,14.82,15.42,14.8
2016/6/13,14.55,43037420,14.63,15.3,14.505
2016/6/10,14.02,22059030,14.45,14.45,14
2016/6/9,14.6,12350370,14.84,14.8595,14.59
2016/6/8,14.95,12955030,15.07,15.12,14.81
2016/6/7,15,16483300,15.36,15.37,14.91
2016/6/6,15.27,13753110,15.22,15.45,15.18
2016/6/3,15.2,15484980,15.11,15.3489,14.96
2016/6/2,15.2,13177800,15.04,15.26,14.8463
2016/6/1,15.02,18238410,15.1,15.17,14.62
2016/5/31,15.22,24287050,15.12,15.49,15.08
2016/5/27,15.1,28335660,14.25,15.1,14.23
2016/5/26,14.3,21101450,14.45,14.48,14.19
2016/5/25,14.41,23175910,14.07,14.57,14.06
2016/5/24,14.03,36203740,14.22,14.22,13.725
2016/5/23,14.41,12896350,14.4,14.6,14.3301
2016/5/20,14.43,18485110,14.2,14.51,14.16
2016/5/19,14.15,15876420,14.15,14.305,14.04
2016/5/18,14.14,14256190,14.35,14.57,14.05
2016/5/17,14.34,15571680,14.21,14.59,14.13
2016/5/16,14.29,11561080,14.09,14.37,14.06
2016/5/13,14.1,12696550,14.06,14.28,14
2016/5/12,14.08,19828540,14.63,14.68,14
2016/5/11,14.59,13777470,14.61,14.86,14.44
2016/5/10,14.63,14578370,14.17,14.69,14.16
2016/5/9,14.2,11448980,14.28,14.47,14.15
2016/5/6,14.4,21194050,14.12,14.4,13.98
2016/5/5,14.12,29058570,14.93,14.98,14.08
2016/5/4,14.84,41644060,13.95,14.878,13.92
2016/5/3,14.01,26012500,14.22,14.25,13.9
2016/5/2,14.4,26115620,14.73,14.77,14.17
2016/4/29,14.62,26859020,14.7,14.93,14.32
2016/4/28,14.64,34738090,14.85,15.09,14.62
2016/4/27,14.86,84705730,15.15,15.28,14.81
2016/4/26,17.75,43206570,17.21,17.98,17.08
2016/4/25,17.09,18962430,17.2,17.75,16.88
2016/4/22,17.23,14848420,17.33,17.51,17.02
2016/4/21,17.51,13584400,17.48,17.77,17.42
2016/4/20,17.4,17737080,16.94,17.52,16.9
2016/4/19,16.92,24776320,17.37,17.39,16.68
2016/4/18,17.31,17271060,17.71,17.72,17.06
2016/4/15,17.58,16344840,17.52,17.91,17.31
2016/4/14,17.53,16206500,17.38,17.7,17.14
2016/4/13,17.37,22629130,16.68,17.4,16.68
2016/4/12,16.57,14924560,16.5,16.77,16.15
2016/4/11,16.51,14175570,16.74,16.98,16.41
2016/4/8,16.65,18671480,17.12,17.25,16.41
2016/4/7,16.98,23293210,16.88,17.59,16.85
2016/4/6,17.26,23107430,17.12,17.48,16.9
2016/4/5,17.05,41582710,17.59,17.83,16.89
2016/4/4,17.09,38173250,16,17.5403,15.96
2016/4/1,15.98,20973750,16.41,16.43,15.83
2016/3/31,16.55,18871040,16.4,16.84,16.21
2016/3/30,16.36,19356940,16.16,16.72,16.01
2016/3/29,15.97,16967340,15.69,15.99,15.33
2016/3/28,15.6,14119710,15.98,16.005,15.4
2016/3/24,15.91,14870600,15.94,15.988,15.565
2016/3/23,16.01,17952140,16.86,16.91,16.01
2016/3/22,16.86,9556987,16.75,17.01,16.7
2016/3/21,16.89,12550230,16.83,17.05,16.68
2016/3/18,16.85,21150730,17.08,17.38,16.76
2016/3/17,16.85,17041100,16.65,17.147,16.62
2016/3/16,16.7,24746270,16.33,16.77,16.13
2016/3/15,16.19,19641790,17,17.04,16.14
2016/3/14,17.12,16514980,16.81,17.32,16.79
2016/3/11,16.81,21481300,16.77,16.94,16.46
2016/3/10,16.61,33165140,17.69,17.7719,16.38
2016/3/9,17.66,21536050,18.61,18.74,17.52
2016/3/8,18.33,16378250,19.1,19.15,18.33
2016/3/7,19.17,19720770,19.11,19.73,18.77
2016/3/4,19.36,30083620,19.45,20.32,19.06
2016/3/3,19.31,23226070,18.53,19.44,18.48
2016/3/2,18.54,17193350,17.85,18.74,17.715
2016/3/1,17.85,19313520,18.47,18.48,17.59
2016/2/29,18.12,17380300,17.96,18.57,17.78
2016/2/26,17.94,16335240,17.72,18.03,17.4975
2016/2/25,17.59,22349060,17.93,17.95,17.31
2016/2/24,18,26664380,18,18.09,17.11
2016/2/23,18.3,25747340,18.56,18.96,18.1
2016/2/22,18.3,24985020,18.62,18.675,17.76
2016/2/19,18.31,23990570,18.16,18.88,17.77
2016/2/18,18.43,34519530,18.1,18.55,17.52
2016/2/17,17.46,25659410,16.47,17.6,16.43
2016/2/16,16.36,17264850,16.09,16.4,15.67
2016/2/12,15.88,35602150,14.54,15.94,14.53
2016/2/11,14.31,38568340,14.07,14.79,13.91
2016/2/10,14.98,40222290,14.55,15.28,14.52
2016/2/9,14.4,26768010,14.62,15.545,14.31
2016/2/8,14.9,24917010,15.51,15.55,14.73
2016/2/5,15.72,24036590,16.61,16.64,15.62
2016/2/4,16.91,18231820,16.4,17.175,16.29
2016/2/3,16.56,24284020,16.33,16.74,15.55
2016/2/2,16.08,31754430,17.22,17.27,16.01
2016/2/1,17.91,49938610,17.89,18.77,17.3
2016/1/29,16.8,16869490,16.64,17.07,16.51
2016/1/28,16.49,16805380,17.21,17.34,16.45
2016/1/27,16.78,16719660,17.01,17.62,16.77
2016/1/26,17.01,22090740,17.22,17.28,16.4
2016/1/25,17.02,33623990,16.8,17.45,16.51
2016/1/22,17.84,15558870,18.29,18.56,17.73
2016/1/21,17.83,26328300,17.44,18.32,16.8
2016/1/20,17.38,69053770,16.16,19.04,15.48
2016/1/19,16.69,24179450,18.18,18.18,16.43
2016/1/15,17.94,24305740,18.23,18.53,17.61
2016/1/14,19,37097740,18.55,19.16,17.27
2016/1/13,18.68,35820880,19.7,19.76,18.47
2016/1/12,19.62,14574130,19.87,20.41,19.32
2016/1/11,19.65,21302190,20.12,20.2,19.26
2016/1/8,19.98,21786970,20.51,20.72,19.6
2016/1/7,20.26,20707190,21,21.48,20.198
2016/1/6,21.39,13962840,21.62,22.18,21.18
2016/1/5,21.92,16912710,22.79,23,21.85
2016/1/4,22.56,15299530,22.64,22.84,22.11
2015/12/31,23.14,19466170,22.17,23.28,22.15
2015/12/30,22.23,15285360,22.45,22.94,22.21
2015/12/29,22.47,11188140,22.63,22.82,22.31
2015/12/28,22.53,13715060,22.9,23.32,22.5
2015/12/24,22.97,7910740,22.7,23.06,22.55
2015/12/23,22.67,13137520,22.68,22.95,22.37
2015/12/22,22.56,13683180,22.26,22.67,22.09
2015/12/21,22.14,22873030,23.02,23.04,21.99
2015/12/18,22.99,23010940,23.35,23.44,22.66
2015/12/17,23.31,17813420,24.47,24.75,23.29
2015/12/16,24.3,24051350,23.96,24.48,23.8
2015/12/15,23.95,23069400,24.52,24.69,23.7
2015/12/14,24.92,18066680,24.68,24.94,23.7
2015/12/11,24.84,22967680,25.91,26.2,24.8
2015/12/10,25.91,28097910,24.36,26.25,24.34
2015/12/9,24.31,14672270,24.98,24.98,24.19
2015/12/8,24.99,23612750,24.04,25.1,23.54
2015/12/7,24.46,16841080,24.99,25.16,24.13
2015/12/4,25.02,16772020,25.81,25.85,25.01
2015/12/3,25.9,23832690,25.48,26.06,24.91
2015/12/2,25.4,11822240,25.31,25.72,25.17
2015/12/1,25.53,14767970,25.39,25.58,25
2015/11/30,25.4,17597560,25.78,25.82,25.06
2015/11/27,25.75,4179967,25.98,26.07,25.67
2015/11/25,26.06,13047940,25.62,26.4099,25.59
2015/11/24,25.52,10370290,25.17,25.55,25.02
2015/11/23,25.2,18126140,26.11,26.27,25.02
2015/11/20,26.27,10789390,26.32,26.695,26.03
2015/11/19,26.32,14203300,25.94,26.58,25.93
2015/11/18,25.9,13925010,25.17,26.0901,25.16
2015/11/17,25.23,13240470,25.54,25.69,24.9
2015/11/16,25.41,12228790,25.33,25.7756,25
2015/11/13,25.18,14258400,25.89,26.16,25.16
2015/11/12,26.13,12537670,26.08,26.61,25.85
2015/11/11,26.5,12704290,27.08,27.14,26.37
2015/11/10,27.05,16522970,26.81,27.17,26.25
2015/11/9,27.09,25592620,28.07,28.21,26.68
2015/11/6,28.28,13558440,28.58,28.7,28.05
2015/11/5,28.66,15507170,29.47,29.55,28.45
2015/11/4,29.36,18752250,29.36,30.15,29.23
2015/11/3,29.13,16676760,29.09,29.63,29.04
2015/11/2,29.2,18512620,28.54,29.29,28.05
2015/10/30,28.46,21906480,29.13,29.57,28.35
2015/10/29,29.06,33469790,30.58,30.7,28.93
2015/10/28,30.87,88894410,28.13,31.34,27.76
2015/10/27,31.34,42258410,31.02,31.87,30.65
2015/10/26,30.89,16747620,30.63,31.22,30.48
2015/10/23,30.28,19816410,29.97,30.72,29.61
2015/10/22,29.15,17390640,29.24,29.8,28.74
2015/10/21,29.3,30698190,29.5,29.66,28.65
2015/10/20,30.91,15787370,30.94,31.39,30.41
2015/10/19,30.91,23914170,31.15,31.6,30.57
2015/10/16,31.15,44338900,30.08,31.4,29.36
2015/10/15,29.71,15799210,29.46,30.28,29.01
2015/10/14,29.38,27502160,29.46,29.82,28.38
2015/10/13,29.06,45741690,29.55,30.68,28.84
2015/10/12,28.75,30550190,30.3,30.77,28.6
2015/10/9,30.85,26819520,30.9,31.41,30.28
2015/10/8,30.32,36380460,29.57,31.5,29.03
2015/10/7,29.83,34703940,28.35,29.95,28.01
2015/10/6,27.62,31274260,28.16,28.4,26.75
2015/10/5,28.15,30894530,26.99,28.25,26.33
2015/10/2,26.31,23430160,24.5,26.48,24.34
2015/10/1,24.68,30871810,26.47,26.84,24.65
2015/9/30,26.94,25378400,25.94,27.33,25.88
2015/9/29,25.59,13398360,25.23,25.76,24.915
2015/9/28,25.26,17416440,24.96,25.61,24.6
2015/9/25,25.29,14538730,26.84,26.91,25.14
2015/9/24,26.6,21296320,26.51,26.64,25.3979
2015/9/23,26.79,10816770,26.97,27.28,26.575
2015/9/22,26.83,13434610,27.05,27.48,26.62
2015/9/21,27.38,10468790,27.98,28.09,27.1899
2015/9/18,27.96,17477820,27.04,28.25,26.99
2015/9/17,27.41,12854350,27.54,27.93,27.03
2015/9/16,27.75,13279680,27.14,28,27
2015/9/15,27.17,10112920,27.04,27.55,27
2015/9/14,26.9,11520280,27.21,27.55,26.795
2015/9/11,27.39,8790619,27.63,27.65,27.17
2015/9/10,27.71,11224350,27.07,27.83,26.95
2015/9/9,27.18,19322970,27.17,27.85,26.42
2015/9/8,27.18,19165520,28.15,28.2,27.01
2015/9/4,28.15,13484330,27.95,28.55,27.8
2015/9/3,28.3,21294920,28.03,29,27.81
2015/9/2,27.82,14366750,27.47,27.825,26.87
2015/9/1,27.03,21071650,27.23,28.1166,26.77
2015/8/31,27.79,30678310,27.64,28.49,27.35
2015/8/28,26.83,12367100,26.19,26.93,26.06
2015/8/27,26.46,22418410,25.44,26.8,25.24
2015/8/26,25.03,20489380,24.8,25.29,23.83
2015/8/25,24.38,19823350,26.29,26.33,24.38
2015/8/24,25.17,30065810,23.61,26.23,21.01
2015/8/21,25.87,23615910,25.65,26.735,25.51
2015/8/20,26,25132710,27.15,27.48,25.92
2015/8/19,27.61,19931790,28.06,28.09,27.16
2015/8/18,28.3,9589961,28.91,29,28.3
2015/8/17,29.06,9525137,29.19,29.34,28.93
2015/8/14,29.06,16595720,28.5,29.269,28.45
2015/8/13,28.54,14886350,29.6,29.6,28.44
2015/8/12,29.39,18535200,29.11,29.5,28.51
2015/8/11,29.62,27789660,29.01,29.89,28.53
2015/8/10,29.5,42380240,28.09,29.63,27.82
2015/8/7,27.04,18338270,27.8,27.9,26.87
2015/8/6,27.54,27538160,28.4,28.43,27.23
2015/8/5,28.48,21172160,29.41,29.5,28.43
2015/8/4,29.34,21790520,29.11,29.9,28.9
2015/8/3,29.27,46558750,30.85,31.09,28.69
2015/7/31,31.01,18117570,31.38,31.62,30.85
2015/7/30,31.47,29370680,31.1,31.83,31.05
2015/7/29,31.24,92736190,32.59,33.24,31.06
2015/7/28,36.54,51802170,34.7,36.67,34.14
2015/7/27,34.7,24553750,35.11,35.15,33.88
2015/7/24,35.42,12963590,36.41,36.41,35.3
2015/7/23,36.19,10383450,36,36.73,35.945
2015/7/22,36.09,11731110,36.23,36.373,35.51
2015/7/21,36.63,12487770,35.82,36.75,35.71
2015/7/20,35.81,9874484,35.75,35.99,35.205
2015/7/17,35.67,12785030,36.46,36.66,35.6
2015/7/16,36.1,11309120,35.89,36.45,35.75
2015/7/15,35.66,18246560,36.66,37.09,35.55
2015/7/14,36.72,50021220,35.78,38.82,35.77
2015/7/13,35.78,17090280,34.99,36.14,34.75
2015/7/10,34.91,10624340,34.68,35.12,34.46
2015/7/9,34.36,14009580,35.17,35.43,34.31
2015/7/8,34.76,15472150,35.41,36.05,34.67
2015/7/7,35.52,14173880,35.35,35.72,34.55
2015/7/6,35.43,11288980,35.17,35.69,35
2015/7/2,35.72,17636630,35.4,35.97,35.1
2015/7/1,35.4,23662100,36.05,36.11,35.235
2015/6/30,36.22,26035540,34.5,36.42,34.44
2015/6/29,34.21,25169630,34.47,35.0899,34.15
2015/6/26,35.26,17293020,34.97,35.33,34.67
2015/6/25,35.17,10726850,35.36,35.36,34.965
2015/6/24,35.17,13006270,35.4,35.75,35.1
2015/6/23,35.37,25867150,35.78,36.2,34.96
2015/6/22,35.55,21383190,35.95,36,35.34
2015/6/19,35.86,33384030,34.97,36.28,34.85
2015/6/18,34.66,19421580,34.63,35.04,34.45
2015/6/17,34.69,27223000,34.99,35.12,34.17
2015/6/16,34.82,49686490,34.23,35.2,33.51
2015/6/15,34.67,32811700,35.24,35.26,34.31
2015/6/12,35.9,60832560,36.9,37.25,35.55
2015/6/11,35.84,17365260,35.92,36.17,35.79
2015/6/10,35.85,12620010,36.01,36.17,35.6
2015/6/9,35.88,14010330,36.5,36.5,35.565
2015/6/8,36.46,11735870,36.91,36.98,36.41
2015/6/5,37,11812000,36.79,37.23,36.65
2015/6/4,36.71,23712900,37.17,37.79,36.51
2015/6/3,37,13929070,36.51,37.17,36.48
2015/6/2,36.4,13103560,36.45,36.6,36.16
2015/6/1,36.63,9973591,36.69,36.83,36.43
2015/5/29,36.67,16818820,37.05,37.07,36.53
2015/5/28,36.83,17887750,36.49,37.33,36.37
2015/5/27,36.41,14449030,36.5,36.6528,36.1
2015/5/26,36.51,13033300,36.67,36.83,36.37
2015/5/22,36.6,9836682,36.7,36.9765,36.57
2015/5/21,36.68,17428080,36.81,36.94,36.39
2015/5/20,36.78,23330950,37.49,37.94,36.54
2015/5/19,37.5,26910860,37.14,37.88,36.9
2015/5/18,37.28,11221950,37.1,37.57,36.9
2015/5/15,37.1,16780140,37.36,37.8,37
2015/5/14,37.33,14212290,37.93,38.09,37.27
2015/5/13,37.72,14053170,37.66,38.2,37.53
2015/5/12,37.48,11755950,37.29,37.8,37.06
2015/5/11,37.31,12287830,37.58,37.859,37.2
2015/5/8,37.59,14352100,38.02,38.2,37.55
2015/5/7,37.71,21217270,37.24,37.88,36.95
2015/5/6,37.26,29038670,37.69,37.78,36.52
2015/5/5,37.42,22560090,38,38.61,37.36
2015/5/4,37.88,27588050,38.72,38.96,37.55
2015/5/1,37.84,37603400,39.19,39.24,37.37
2015/4/30,38.96,46579280,39.28,39.74,38.48
2015/4/29,38.49,120201400,40.21,41.09,38.07
2015/4/28,42.27,73809120,52.16,52.219,38.38
2015/4/27,51.66,23760310,50.84,52.54,50.82
2015/4/24,50.82,14718980,51.85,51.96,50.24
2015/4/23,51.41,11441170,51.87,52.2,51.22
2015/4/22,51.73,11436740,51.48,52.09,51.32
2015/4/21,51.32,8435636,51.68,51.85,51.1
2015/4/20,51.4,10984820,51.07,51.48,50.51
2015/4/17,50.66,16585730,51.71,52.16,50.19
2015/4/16,52.03,14282730,51.3,52.34,51.14
2015/4/15,51.3,13167660,51.33,51.87,50.91
2015/4/14,51.2,12206160,51.75,51.81,50.68
2015/4/13,51.62,12249160,51.99,52.29,51.45
